match_id,match_name,kick_off_utc,league_id,league_name,country_code,country_name,home_team,away_team,home_score,away_score,home_score_h1,away_score_h1,home_score_h2,away_score_h2,is_live,is_running,elapsed_secs,period,home_shots,away_shots,home_shots_on_target,away_shots_on_target,home_corners,away_corners,home_yellow_cards,away_yellow_cards,home_red_cards,away_red_cards,home_fouls,away_fouls,home_throw_ins,away_throw_ins,home_goal_kicks,away_goal_kicks,run_timestamp
851467382345293824,,2026-06-14 14:00:00+00:00,826461964040683520,Giải hạng 1 - Na Uy,NO,Na Uy,,,,,,,,,1,1,953,23,,,,,,,,,,,,,,,,,2026-06-14 21:15:59
851467382592757760,,2026-06-14 14:00:00+00:00,826461964040683520,Giải hạng 1 - Na Uy,NO,Na Uy,,,,,,,,,1,1,943,23,,,,,,,,,,,,,,,,,2026-06-14 21:15:59
851467382701809664,,2026-06-14 14:00:00+00:00,826461964040683520,Giải hạng 1 - Na Uy,NO,Na Uy,,,,,,,,,1,1,915,23,,,,,,,,,,,,,,,,,2026-06-14 21:15:59
851467382471122944,,2026-06-14 14:00:00+00:00,826461964040683520,Giải hạng 1 - Na Uy,NO,Na Uy,,,,,,,,,1,1,991,23,,,,,,,,,,,,,,,,,2026-06-14 21:15:59
851467382697549824,,2026-06-14 14:00:00+00:00,826461964040683520,Giải hạng 1 - Na Uy,NO,Na Uy,,,,,,,,,1,1,948,23,,,,,,,,,,,,,,,,,2026-06-14 21:15:59
851480196501856256,,2026-06-14 14:00:00+00:00,826461964040683520,Giải hạng 1 - Na Uy,NO,Na Uy,,,,,,,,,1,1,969,23,,,,,,,,,,,,,,,,,2026-06-14 21:15:59
851482613414961152,,2026-06-14 14:00:00+00:00,826461964040683520,Giải hạng 1 - Na Uy,NO,Na Uy,,,,,,,,,1,1,929,23,,,,,,,,,,,,,,,,,2026-06-14 21:15:59
851482613331013632,,2026-06-14 14:00:00+00:00,826461964040683520,Giải hạng 1 - Na Uy,NO,Na Uy,,,,,,,,,1,1,946,23,,,,,,,,,,,,,,,,,2026-06-14 21:15:59
852250949228748800,Ljungskile SK vs Ostersunds FK,2026-06-14 13:00:00+00:00,826448989158391808,Giải Superettan Thụy Điển,SE,Thụy Điển,Ljungskile SK,Ostersunds FK,0.0,0.0,0.0,0.0,0.0,0.0,1,1,3602,24,7.0,1.0,2.0,0.0,1.0,4.0,0.0,0.0,0.0,0.0,8.0,9.0,17.0,21.0,6.0,5.0,2026-06-14 21:15:59
852599443953037312,Falkenbergs vs Orebro SK,2026-06-14 13:00:00+00:00,826448989158391808,Giải Superettan Thụy Điển,SE,Thụy Điển,Falkenbergs,Orebro SK,0.0,1.0,0.0,1.0,0.0,0.0,1,1,3461,24,5.0,9.0,2.0,2.0,3.0,8.0,1.0,0.0,0.0,0.0,9.0,5.0,13.0,10.0,8.0,6.0,2026-06-14 21:15:59
851077460908171264,,2026-06-14 14:00:00+00:00,730820323058204672,Giải Ngoại hạng - Kazakhstan,KZ,Kazakhstan,,,,,,,,,1,1,968,23,,,,,,,,,,,,,,,,,2026-06-14 21:15:59
851077461147246592,,2026-06-14 14:00:00+00:00,730820323058204672,Giải Ngoại hạng - Kazakhstan,KZ,Kazakhstan,,,,,,,,,1,1,878,23,,,,,,,,,,,,,,,,,2026-06-14 21:15:59
852151376057524224,,2026-06-14 14:00:00+00:00,809040415499300864,"Giải Serie B, Brazil",BR,Brazil,,,,,,,,,1,1,843,23,,,,,,,,,,,,,,,,,2026-06-14 21:15:59
852198624892149760,,2026-06-14 14:00:00+00:00,809040415499300864,"Giải Serie B, Brazil",BR,Brazil,,,,,,,,,1,1,880,23,,,,,,,,,,,,,,,,,2026-06-14 21:15:59
852662978213064704,,2026-06-14 14:00:00+00:00,817396149765013504,Giải ngoại hạng - Quần đảo Faroe,FO,Đảo Faroe,,,,,,,,,1,1,840,23,,,,,,,,,,,,,,,,,2026-06-14 21:15:59
852662978120835072,,2026-06-14 14:00:00+00:00,817396149765013504,Giải ngoại hạng - Quần đảo Faroe,FO,Đảo Faroe,,,,,,,,,1,1,900,23,,,,,,,,,,,,,,,,,2026-06-14 21:15:59
852250949279145984,,2026-06-14 14:00:00+00:00,814589890921836544,"Giải Serie C, Brazil",BR,Brazil,,,,,,,,,1,1,840,23,,,,,,,,,,,,,,,,,2026-06-14 21:15:59
853903560810004480,,2026-06-14 14:00:00+00:00,827421357829799936,Belarus - Pershaya League,BY,Belarus,,,,,,,,,1,1,900,23,,,,,,,,,,,,,,,,,2026-06-14 21:15:59
853476458574962688,,2026-06-14 13:00:00+00:00,823118341790236672,Giải hạng 1 nữ - Na Uy,NO,Na Uy,,,,,,,,,1,1,3420,24,,,,,,,,,,,,,,,,,2026-06-14 21:15:59
853476458650415104,,2026-06-14 13:00:00+00:00,823118341790236672,Giải hạng 1 nữ - Na Uy,NO,Na Uy,,,,,,,,,1,1,3540,24,,,,,,,,,,,,,,,,,2026-06-14 21:15:59
853167918081650688,,2026-06-14 14:00:00+00:00,837317946056687616,"Giải 2. Deild, Iceland",IS,Iceland,,,,,,,,,1,1,812,23,,,,,,,,,,,,,,,,,2026-06-14 21:15:59
853899409736695808,,2026-06-14 13:00:00+00:00,728371041256353792,"Giải Paulista U20, Brazil",BR,Brazil,,,,,,,,,1,1,3374,24,,,,,,,,,,,,,,,,,2026-06-14 21:15:59
852967156886052864,,2026-06-14 14:00:00+00:00,817870980046446592,"Giải Segunda Division, Uruguay",UY,Uruguay,,,,,,,,,1,1,660,23,,,,,,,,,,,,,,,,,2026-06-14 21:15:59
853533598920531968,,2026-06-14 13:00:00+00:00,853514313431031808,Cúp nữ Romania,RO,Romania,,,,,,,,,1,1,3360,24,,,,,,,,,,,,,,,,,2026-06-14 21:15:59
853167918052401152,,2026-06-14 13:30:00+00:00,832157405927563264,Giải Kolmonen - Phần Lan,FI,Phần Lan,,,,,,,,,1,1,2645,23,,,,,,,,,,,,,,,,,2026-06-14 21:15:59
853476456712708096,,2026-06-14 14:00:00+00:00,837938373728722944,"Giải 3. Deild, Iceland",IS,Iceland,,,,,,,,,1,1,840,23,,,,,,,,,,,,,,,,,2026-06-14 21:15:59
853489197422780416,,2026-06-14 13:00:00+00:00,728212319171264512,Giải ngoại hạng Tanzania,TZ,Tanzania,,,,,,,,,1,1,3120,24,,,,,,,,,,,,,,,,,2026-06-14 21:15:59
853822634264387584,,2026-06-14 14:00:00+00:00,728371325001023488,Brazil - Gaucho U20,BR,Brazil,,,,,,,,,1,1,900,23,,,,,,,,,,,,,,,,,2026-06-14 21:15:59
853476457635393536,,2026-06-14 14:00:00+00:00,850972216618426368,Giải Eccellenza - Ý,IT,Ý,,,,,,,,,1,1,540,23,,,,,,,,,,,,,,,,,2026-06-14 21:15:59
853822584939372544,,2026-06-14 14:00:00+00:00,853000695845281792,Brazil - Catarinense U20,BR,Brazil,,,,,,,,,1,1,900,23,,,,,,,,,,,,,,,,,2026-06-14 21:15:59
853773239191883776,,2026-06-14 13:30:00+00:00,848254284708831232,Giải Brazil - Mineiro 2,BR,Brazil,,,,,,,,,1,1,2679,23,,,,,,,,,,,,,,,,,2026-06-14 21:15:59
853773239292547072,,2026-06-14 13:00:00+00:00,848254284708831232,Giải Brazil - Mineiro 2,BR,Brazil,,,,,,,,,1,1,3000,24,,,,,,,,,,,,,,,,,2026-06-14 21:15:59
853864500926185472,,2026-06-14 14:00:00+00:00,849609221791408128,Giải chuyên nghiệp Uzbekistan,UZ,Uzbekistan,,,,,,,,,1,1,428,23,,,,,,,,,,,,,,,,,2026-06-14 21:15:59
853635160292581376,,2026-06-14 13:00:00+00:00,727762033822711808,Giải ngoại hạng Zimbabwe,ZW,Zimbabwe,,,,,,,,,1,1,3480,24,,,,,,,,,,,,,,,,,2026-06-14 21:15:59
853635416094793728,,2026-06-14 13:00:00+00:00,727762033822711808,Giải ngoại hạng Zimbabwe,ZW,Zimbabwe,,,,,,,,,1,1,3360,24,,,,,,,,,,,,,,,,,2026-06-14 21:15:59
853645054039105536,,2026-06-14 13:00:00+00:00,727762033822711808,Giải ngoại hạng Zimbabwe,ZW,Zimbabwe,,,,,,,,,1,1,3540,24,,,,,,,,,,,,,,,,,2026-06-14 21:15:59
853533597658001408,,2026-06-14 13:00:00+00:00,853513896638930944,"Giải League 3, Georgia",GE,Georgia,,,,,,,,,1,1,3360,24,,,,,,,,,,,,,,,,,2026-06-14 21:15:59
853635160229666816,,2026-06-14 13:30:00+00:00,838111404337934336,Uruguay - Primera Division Amateur,UY,Uruguay,,,,,,,,,1,1,2447,23,,,,,,,,,,,,,,,,,2026-06-14 21:15:59
853635160326135808,,2026-06-14 13:00:00+00:00,838111404337934336,Uruguay - Primera Division Amateur,UY,Uruguay,,,,,,,,,1,1,3120,24,,,,,,,,,,,,,,,,,2026-06-14 21:15:59
852418725306212352,IFK Lidingo FK vs Taby FK,2026-06-14 13:45:00+00:00,852464510488092672,Giải Hạng 2 - Thụy Điển,SE,Thụy Điển,IFK Lidingo FK,Taby FK,1.0,2.0,1.0,2.0,0.0,0.0,1,1,1785,23,2.0,6.0,2.0,3.0,0.0,0.0,0.0,0.0,0.0,0.0,3.0,4.0,4.0,11.0,4.0,0.0,2026-06-14 21:15:59
852436985095512064,Helges IF vs Korsnas IF FK,2026-06-14 14:00:00+00:00,852464510488092672,Giải Hạng 2 - Thụy Điển,SE,Thụy Điển,Helges IF,Korsnas IF FK,0.0,0.0,0.0,0.0,0.0,0.0,1,1,964,23,0.0,0.0,0.0,0.0,0.0,1.0,0.0,0.0,0.0,0.0,0.0,0.0,0.0,0.0,0.0,0.0,2026-06-14 21:15:59
852604710035955712,Lindo FF vs Nacka FC,2026-06-14 13:00:00+00:00,852464510488092672,Giải Hạng 2 - Thụy Điển,SE,Thụy Điển,Lindo FF,Nacka FC,2.0,0.0,1.0,0.0,1.0,0.0,1,1,3243,24,0.0,0.0,0.0,0.0,6.0,0.0,3.0,1.0,0.0,0.0,0.0,0.0,0.0,0.0,0.0,0.0,2026-06-14 21:15:59
853309364415770624,Lucksta IF vs Team TG FF,2026-06-14 13:00:00+00:00,852464510488092672,Giải Hạng 2 - Thụy Điển,SE,Thụy Điển,Lucksta IF,Team TG FF,1.0,0.0,1.0,0.0,0.0,0.0,1,1,3636,24,0.0,0.0,0.0,0.0,2.0,0.0,0.0,1.0,0.0,0.0,0.0,0.0,0.0,0.0,0.0,0.0,2026-06-14 21:15:59
852785001736298496,AFC Eskilstuna vs Assyriska FF,2026-06-14 14:00:00+00:00,852472225356591104,Giải Thuỵ Điển - 1st Div,SE,Thụy Điển,AFC Eskilstuna,Assyriska FF,0.0,0.0,0.0,0.0,0.0,0.0,1,1,919,23,1.0,2.0,0.0,0.0,0.0,1.0,0.0,0.0,0.0,0.0,1.0,3.0,4.0,4.0,0.0,0.0,2026-06-14 21:15:59
852785001824268288,Enkopings vs Vasalund Essinge,2026-06-14 14:00:00+00:00,852472225356591104,Giải Thuỵ Điển - 1st Div,SE,Thụy Điển,Enkopings,Vasalund Essinge,0.0,0.0,0.0,0.0,0.0,0.0,1,1,1011,23,0.0,0.0,0.0,0.0,0.0,1.0,0.0,0.0,0.0,0.0,4.0,1.0,5.0,1.0,0.0,2.0,2026-06-14 21:15:59
852785002591825920,FC Stockholm Internazionale vs FBK Karlstad,2026-06-14 14:00:00+00:00,852472225356591104,Giải Thuỵ Điển - 1st Div,SE,Thụy Điển,FC Stockholm Internazionale,FBK Karlstad,0.0,0.0,0.0,0.0,0.0,0.0,1,1,914,23,0.0,1.0,0.0,1.0,0.0,0.0,0.0,1.0,0.0,0.0,3.0,2.0,6.0,2.0,0.0,0.0,2026-06-14 21:15:59
852785002495356928,FC Rosengard 1917 vs Skovde AIK,2026-06-14 14:00:00+00:00,852472225356591104,Giải Thuỵ Điển - 1st Div,SE,Thụy Điển,FC Rosengard 1917,Skovde AIK,1.0,0.0,1.0,0.0,0.0,0.0,1,1,950,23,3.0,1.0,2.0,1.0,2.0,1.0,0.0,0.0,0.0,0.0,3.0,0.0,4.0,1.0,0.0,0.0,2026-06-14 21:15:59
852880122020421632,Traeff vs Bjarg,2026-06-14 12:30:00+00:00,852851350474862592,Giải hạng 2 Na Uy,NO,Na Uy,Traeff,Bjarg,2.0,2.0,1.0,2.0,1.0,0.0,1,1,5279,24,3.0,7.0,2.0,3.0,0.0,8.0,2.0,2.0,1.0,0.0,7.0,18.0,18.0,15.0,0.0,0.0,2026-06-14 21:15:59
852881094524395520,Eidsvold TF vs Levanger,2026-06-14 13:00:00+00:00,852851350474862592,Giải hạng 2 Na Uy,NO,Na Uy,Eidsvold TF,Levanger,0.0,2.0,0.0,2.0,0.0,0.0,1,1,3384,24,12.0,2.0,4.0,2.0,3.0,1.0,0.0,0.0,0.0,0.0,3.0,8.0,14.0,8.0,2.0,11.0,2026-06-14 21:15:59
852881094801108992,Stjordals/Blink vs Trygg/Lade,2026-06-14 13:00:00+00:00,852851350474862592,Giải hạng 2 Na Uy,NO,Na Uy,Stjordals/Blink,Trygg/Lade,0.0,0.0,0.0,0.0,0.0,0.0,1,1,3669,24,15.0,2.0,2.0,1.0,6.0,1.0,0.0,0.0,0.0,0.0,10.0,6.0,19.0,28.0,2.0,9.0,2026-06-14 21:15:59
852881097493852160,Junkeren vs Honefoss BK,2026-06-14 14:00:00+00:00,852851350474862592,Giải hạng 2 Na Uy,NO,Na Uy,Junkeren,Honefoss BK,1.0,1.0,1.0,1.0,0.0,0.0,1,1,993,23,1.0,5.0,1.0,3.0,0.0,0.0,0.0,0.0,0.0,0.0,2.0,3.0,3.0,7.0,1.0,1.0,2026-06-14 21:15:59
852881877114347520,FK Jerv vs Sandviken,2026-06-14 12:30:00+00:00,852851350474862592,Giải hạng 2 Na Uy,NO,Na Uy,FK Jerv,Sandviken,2.0,1.0,1.0,1.0,1.0,0.0,1,1,5399,24,9.0,10.0,4.0,3.0,9.0,3.0,0.0,0.0,0.0,0.0,7.0,10.0,23.0,25.0,7.0,13.0,2026-06-14 21:15:59
852667518819803136,,2026-06-14 14:00:00+00:00,819819203447283712,"Giải I Lyga, Lithuania",LT,Lithuania,,,,,,,,,1,1,960,23,,,,,,,,,,,,,,,,,2026-06-14 21:15:59
852758206026670080,,2026-06-14 13:00:00+00:00,832495002860175360,Giải Phần Lan - Kakkonen,FI,Phần Lan,,,,,,,,,1,1,3540,24,,,,,,,,,,,,,,,,,2026-06-14 21:15:59
852758254697439232,,2026-06-14 13:00:00+00:00,832495002860175360,Giải Phần Lan - Kakkonen,FI,Phần Lan,,,,,,,,,1,1,3420,24,,,,,,,,,,,,,,,,,2026-06-14 21:15:59
853207333281783808,,2026-06-14 13:00:00+00:00,815533799810347008,Giải FNL 2 - Nga,RU,Nga,,,,,,,,,1,1,3600,24,,,,,,,,,,,,,,,,,2026-06-14 21:15:59
853207333244035072,,2026-06-14 13:00:00+00:00,815533799810347008,Giải FNL 2 - Nga,RU,Nga,,,,,,,,,1,1,3540,24,,,,,,,,,,,,,,,,,2026-06-14 21:15:59
853851139140333568,,2026-06-14 13:00:00+00:00,815533799810347008,Giải FNL 2 - Nga,RU,Nga,,,,,,,,,1,1,3600,24,,,,,,,,,,,,,,,,,2026-06-14 21:15:59
853263375856361472,,2026-06-14 14:00:00+00:00,825030529782218752,Giải nữ Thuỵ Điển Elitettan,SE,Thụy Điển,,,,,,,,,1,1,900,23,,,,,,,,,,,,,,,,,2026-06-14 21:15:59
853890526196551680,,2026-06-14 13:00:00+00:00,825030529782218752,Giải nữ Thuỵ Điển Elitettan,SE,Thụy Điển,,,,,,,,,1,1,3480,24,,,,,,,,,,,,,,,,,2026-06-14 21:15:59
853476458507808768,,2026-06-14 14:00:00+00:00,827171795970117632,Giải Na Uy - Hạng 3,NO,Na Uy,,,,,,,,,1,1,660,23,,,,,,,,,,,,,,,,,2026-06-14 21:15:59
853476458377846784,,2026-06-14 13:00:00+00:00,827171795970117632,Giải Na Uy - Hạng 3,NO,Na Uy,,,,,,,,,1,1,3600,24,,,,,,,,,,,,,,,,,2026-06-14 21:15:59
853536079494815744,,2026-06-14 12:30:00+00:00,853298291784560640,Malawi Top 8 Cup,MW,Malawi,,,,,,,,,1,1,5040,24,,,,,,,,,,,,,,,,,2026-06-14 21:15:59
853547496910368768,,2026-06-14 12:30:00+00:00,853298291784560640,Malawi Top 8 Cup,MW,Malawi,,,,,,,,,1,1,5160,24,,,,,,,,,,,,,,,,,2026-06-14 21:15:59
853627542173966336,,2026-06-14 13:00:00+00:00,847065369700278272,Giải đấu thăng hạng nghiệp dư - Argentina,AR,Argentina,,,,,,,,,1,1,3300,24,,,,,,,,,,,,,,,,,2026-06-14 21:15:59
853635160397438976,,2026-06-14 14:00:00+00:00,841033609862459392,Giải nữ - Uruguay,UY,Uruguay,,,,,,,,,1,1,780,23,,,,,,,,,,,,,,,,,2026-06-14 21:15:59
853637401040773120,,2026-06-14 13:00:00+00:00,825428604858195968,Giải trẻ Argentina,AR,Argentina,,,,,,,,,1,1,3000,24,,,,,,,,,,,,,,,,,2026-06-14 21:15:59
853932881062707200,,2026-06-14 12:56:00+00:00,825428604858195968,Giải trẻ Argentina,AR,Argentina,,,,,,,,,1,1,2700,24,,,,,,,,,,,,,,,,,2026-06-14 21:15:59
853732043434254336,,2026-06-14 14:00:00+00:00,833002898610053120,Giải Brazil - Campeonato Carioca A2,BR,Brazil,,,,,,,,,1,1,900,23,,,,,,,,,,,,,,,,,2026-06-14 21:15:59
853822681077014528,,2026-06-14 13:00:00+00:00,833038461459292160,Giải U23 Paulista Serie B - Brazil,BR,Brazil,,,,,,,,,1,1,2700,24,,,,,,,,,,,,,,,,,2026-06-14 21:15:59
853822780297469952,,2026-06-14 13:00:00+00:00,833038461459292160,Giải U23 Paulista Serie B - Brazil,BR,Brazil,,,,,,,,,1,1,3060,24,,,,,,,,,,,,,,,,,2026-06-14 21:15:59
853822957825581056,,2026-06-14 13:00:00+00:00,848518208360341504,Brazil - Torneio Otavio Pinto Guimaraes U20,BR,Brazil,,,,,,,,,1,1,2940,24,,,,,,,,,,,,,,,,,2026-06-14 21:15:59
853899295299305472,,2026-06-14 12:55:00+00:00,851438111329427456,Giải U20 Amazonense Nữ - Brazil,BR,Brazil,,,,,,,,,1,1,3480,24,,,,,,,,,,,,,,,,,2026-06-14 21:15:59
853942794975494144,,2026-06-14 13:00:00+00:00,851032243605643264,Giải nữ Nigeria,NG,Nigeria,,,,,,,,,1,1,2940,24,,,,,,,,,,,,,,,,,2026-06-14 21:15:59
853999185555644416,,2026-06-14 13:56:00+00:00,852782551423819776,Giải khu vực - Ba Lan,PL,Ba Lan,,,,,,,,,1,1,660,23,,,,,,,,,,,,,,,,,2026-06-14 21:15:59
853952917668126720,,2026-06-14 14:02:57.251000+00:00,795214842813534208,Giải V-Bóng đá Hàn Quốc K-League 1 - 12 phút [V],VR,V-Bóng đá,,,,,,,,,1,1,5320,24,,,,,,,,,,,,,,,,,2026-06-14 21:15:59
853955685439090688,,2026-06-14 14:05:57.287000+00:00,794689955321667584,Giải V-Bóng đá Trung Quốc Super League - 12 phút [V],VR,V-Bóng đá,,,,,,,,,1,1,4020,24,,,,,,,,,,,,,,,,,2026-06-14 21:15:59
853955434670030848,,2026-06-14 14:05:57.201000+00:00,795215053459873792,Giải V-Bóng đá Champions League - 12 phút [V],VR,V-Bóng đá,,,,,,,,,1,1,3680,24,,,,,,,,,,,,,,,,,2026-06-14 21:15:59
853955685262917632,,2026-06-14 14:06:57.263000+00:00,794449773779529728,Giải V-Bóng đá Copa Libertadores - 12 phút [V],VR,V-Bóng đá,,,,,,,,,1,1,3420,24,,,,,,,,,,,,,,,,,2026-06-14 21:15:59
853955440948916224,,2026-06-14 14:07:57.314000+00:00,794690099526021120,Giải V-Soccer Ngoại hạng Anh - 12 phút [V],VR,V-Bóng đá,,,,,,,,,1,1,3240,24,,,,,,,,,,,,,,,,,2026-06-14 21:15:59
853955434728763392,,2026-06-14 14:08:57.241000+00:00,794691691839029248,Giải V-Bóng đá Đức Bundesliga - 12 phút [V],VR,V-Bóng đá,,,,,,,,,1,1,2740,23,,,,,,,,,,,,,,,,,2026-06-14 21:15:59
853955434770706432,,2026-06-14 14:09:57.252000+00:00,794692166999138304,Giải V-Bóng đá Ligue 1 Pháp - 12 phút [V],VR,V-Bóng đá,,,,,,,,,1,1,2160,23,,,,,,,,,,,,,,,,,2026-06-14 21:15:59
853988158562656256,,2026-06-14 14:10:00+00:00,794474957223800832,E-Soccer Italy Serie A - 8 mins,ESC,E-Soccer,,,,,,,,,1,1,3188,24,,,,,,,,,,,,,,,,,2026-06-14 21:15:59
853988158310993920,,2026-06-14 14:10:00+00:00,794474957223800832,E-Soccer Italy Serie A - 8 mins,ESC,E-Soccer,,,,,,,,,1,1,3026,24,,,,,,,,,,,,,,,,,2026-06-14 21:15:59
853955685271318528,,2026-06-14 14:10:57.332000+00:00,794692297936908288,Giải V-Bóng đá Giao hữu quốc tế - 12 phút [V],VR,V-Bóng đá,,,,,,,,,1,1,1920,23,,,,,,,,,,,,,,,,,2026-06-14 21:15:59
853955434531618816,,2026-06-14 14:12:04.940000+00:00,794450022854078464,Giải V-Bóng đá Liên đoàn quốc gia nữ - 12 phút [V],VR,V-Bóng đá,,,,,,,,,1,1,1400,23,,,,,,,,,,,,,,,,,2026-06-14 21:15:59
853880954065104896,,2026-06-14 14:13:00+00:00,817370511721160704,E-Soccer World Cup - 8 mins,ESC,E-Soccer,,,,,,,,,1,1,1717,23,,,,,,,,,,,,,,,,,2026-06-14 21:15:59
853880255298166784,,2026-06-14 14:13:00+00:00,817370511721160704,E-Soccer World Cup - 8 mins,ESC,E-Soccer,,,,,,,,,1,1,1502,23,,,,,,,,,,,,,,,,,2026-06-14 21:15:59
853958202235387904,,2026-06-14 14:12:57.273000+00:00,794691521852268544,Giải V-Bóng đá Ý Serie A - 12 phút [V],VR,V-Bóng đá,,,,,,,,,1,1,1160,23,,,,,,,,,,,,,,,,,2026-06-14 21:15:59
853958202277330944,,2026-06-14 14:13:57.269000+00:00,794692455189753856,Giải V-Bóng đá Vô địch Quốc gia Argentina - 12 phút [V],VR,V-Bóng đá,,,,,,,,,1,1,760,23,,,,,,,,,,,,,,,,,2026-06-14 21:15:59
853957959246696448,,2026-06-14 14:14:57.270000+00:00,794692593979273216,Giải V-Bóng đá Tây Ban Nha La Liga - 12 phút [V],VR,V-Bóng đá,,,,,,,,,1,1,300,23,,,,,,,,,,,,,,,,,2026-06-14 21:15:59
851467382345293824,,2026-06-14 14:00:00+00:00,826461964040683520,Giải hạng 1 - Na Uy,NO,Na Uy,,,,,,,,,1,1,1528,23,,,,,,,,,,,,,,,,,2026-06-14 21:25:33
851467382592757760,,2026-06-14 14:00:00+00:00,826461964040683520,Giải hạng 1 - Na Uy,NO,Na Uy,,,,,,,,,1,1,1522,23,,,,,,,,,,,,,,,,,2026-06-14 21:25:33
851467382701809664,,2026-06-14 14:00:00+00:00,826461964040683520,Giải hạng 1 - Na Uy,NO,Na Uy,,,,,,,,,1,1,1507,23,,,,,,,,,,,,,,,,,2026-06-14 21:25:33
851467382471122944,,2026-06-14 14:00:00+00:00,826461964040683520,Giải hạng 1 - Na Uy,NO,Na Uy,,,,,,,,,1,1,1561,23,,,,,,,,,,,,,,,,,2026-06-14 21:25:33
851467382697549824,,2026-06-14 14:00:00+00:00,826461964040683520,Giải hạng 1 - Na Uy,NO,Na Uy,,,,,,,,,1,1,1511,23,,,,,,,,,,,,,,,,,2026-06-14 21:25:33
851480196501856256,,2026-06-14 14:00:00+00:00,826461964040683520,Giải hạng 1 - Na Uy,NO,Na Uy,,,,,,,,,1,1,1529,23,,,,,,,,,,,,,,,,,2026-06-14 21:25:33
851482613414961152,,2026-06-14 14:00:00+00:00,826461964040683520,Giải hạng 1 - Na Uy,NO,Na Uy,,,,,,,,,1,1,1506,23,,,,,,,,,,,,,,,,,2026-06-14 21:25:33
851482613331013632,,2026-06-14 14:00:00+00:00,826461964040683520,Giải hạng 1 - Na Uy,NO,Na Uy,,,,,,,,,1,1,1518,23,,,,,,,,,,,,,,,,,2026-06-14 21:25:33
852250949228748800,Ljungskile SK vs Ostersunds FK,2026-06-14 13:00:00+00:00,826448989158391808,Giải Superettan Thụy Điển,SE,Thụy Điển,Ljungskile SK,Ostersunds FK,1.0,0.0,0.0,0.0,1.0,0.0,1,1,4179,24,8.0,1.0,3.0,0.0,1.0,4.0,0.0,0.0,0.0,0.0,9.0,9.0,19.0,23.0,7.0,5.0,2026-06-14 21:25:33
852599443953037312,Falkenbergs vs Orebro SK,2026-06-14 13:00:00+00:00,826448989158391808,Giải Superettan Thụy Điển,SE,Thụy Điển,Falkenbergs,Orebro SK,0.0,1.0,0.0,1.0,0.0,0.0,1,1,4037,24,6.0,9.0,3.0,2.0,3.0,8.0,1.0,1.0,0.0,0.0,9.0,6.0,17.0,12.0,9.0,6.0,2026-06-14 21:25:33
851077460908171264,,2026-06-14 14:00:00+00:00,730820323058204672,Giải Ngoại hạng - Kazakhstan,KZ,Kazakhstan,,,,,,,,,1,1,1546,23,,,,,,,,,,,,,,,,,2026-06-14 21:25:33
851077461147246592,,2026-06-14 14:00:00+00:00,730820323058204672,Giải Ngoại hạng - Kazakhstan,KZ,Kazakhstan,,,,,,,,,1,1,1461,23,,,,,,,,,,,,,,,,,2026-06-14 21:25:33
852151376057524224,,2026-06-14 14:00:00+00:00,809040415499300864,"Giải Serie B, Brazil",BR,Brazil,,,,,,,,,1,1,1429,23,,,,,,,,,,,,,,,,,2026-06-14 21:25:33
852198624892149760,,2026-06-14 14:00:00+00:00,809040415499300864,"Giải Serie B, Brazil",BR,Brazil,,,,,,,,,1,1,1457,23,,,,,,,,,,,,,,,,,2026-06-14 21:25:33
852662978213064704,,2026-06-14 14:00:00+00:00,817396149765013504,Giải ngoại hạng - Quần đảo Faroe,FO,Đảo Faroe,,,,,,,,,1,1,1440,23,,,,,,,,,,,,,,,,,2026-06-14 21:25:33
852662978120835072,,2026-06-14 14:00:00+00:00,817396149765013504,Giải ngoại hạng - Quần đảo Faroe,FO,Đảo Faroe,,,,,,,,,1,1,1500,23,,,,,,,,,,,,,,,,,2026-06-14 21:25:33
852250949279145984,,2026-06-14 14:00:00+00:00,814589890921836544,"Giải Serie C, Brazil",BR,Brazil,,,,,,,,,1,1,1380,23,,,,,,,,,,,,,,,,,2026-06-14 21:25:33
853903560810004480,,2026-06-14 14:00:00+00:00,827421357829799936,Belarus - Pershaya League,BY,Belarus,,,,,,,,,1,1,1470,23,,,,,,,,,,,,,,,,,2026-06-14 21:25:33
853476458574962688,,2026-06-14 13:00:00+00:00,823118341790236672,Giải hạng 1 nữ - Na Uy,NO,Na Uy,,,,,,,,,1,1,4020,24,,,,,,,,,,,,,,,,,2026-06-14 21:25:33
853476458650415104,,2026-06-14 13:00:00+00:00,823118341790236672,Giải hạng 1 nữ - Na Uy,NO,Na Uy,,,,,,,,,1,1,4080,24,,,,,,,,,,,,,,,,,2026-06-14 21:25:33
853167918081650688,,2026-06-14 14:00:00+00:00,837317946056687616,"Giải 2. Deild, Iceland",IS,Iceland,,,,,,,,,1,1,1395,23,,,,,,,,,,,,,,,,,2026-06-14 21:25:33
853899409736695808,,2026-06-14 13:00:00+00:00,728371041256353792,"Giải Paulista U20, Brazil",BR,Brazil,,,,,,,,,1,1,3943,24,,,,,,,,,,,,,,,,,2026-06-14 21:25:33
852967156886052864,,2026-06-14 14:00:00+00:00,817870980046446592,"Giải Segunda Division, Uruguay",UY,Uruguay,,,,,,,,,1,1,1260,23,,,,,,,,,,,,,,,,,2026-06-14 21:25:33
853533598920531968,,2026-06-14 13:00:00+00:00,853514313431031808,Cúp nữ Romania,RO,Romania,,,,,,,,,1,1,3960,24,,,,,,,,,,,,,,,,,2026-06-14 21:25:33
853167918052401152,,2026-06-14 13:30:00+00:00,832157405927563264,Giải Kolmonen - Phần Lan,FI,Phần Lan,,,,,,,,,1,0,2708,25,,,,,,,,,,,,,,,,,2026-06-14 21:25:33
853476456712708096,,2026-06-14 14:00:00+00:00,837938373728722944,"Giải 3. Deild, Iceland",IS,Iceland,,,,,,,,,1,1,1440,23,,,,,,,,,,,,,,,,,2026-06-14 21:25:33
853489197422780416,,2026-06-14 13:00:00+00:00,728212319171264512,Giải ngoại hạng Tanzania,TZ,Tanzania,,,,,,,,,1,1,3720,24,,,,,,,,,,,,,,,,,2026-06-14 21:25:33
853822634264387584,,2026-06-14 14:00:00+00:00,728371325001023488,Brazil - Gaucho U20,BR,Brazil,,,,,,,,,1,1,1440,23,,,,,,,,,,,,,,,,,2026-06-14 21:25:33
853476457635393536,,2026-06-14 14:00:00+00:00,850972216618426368,Giải Eccellenza - Ý,IT,Ý,,,,,,,,,1,1,1140,23,,,,,,,,,,,,,,,,,2026-06-14 21:25:33
853822584939372544,,2026-06-14 14:00:00+00:00,853000695845281792,Brazil - Catarinense U20,BR,Brazil,,,,,,,,,1,1,1440,23,,,,,,,,,,,,,,,,,2026-06-14 21:25:33
853773239191883776,,2026-06-14 13:30:00+00:00,848254284708831232,Giải Brazil - Mineiro 2,BR,Brazil,,,,,,,,,1,0,2973,25,,,,,,,,,,,,,,,,,2026-06-14 21:25:33
853773239292547072,,2026-06-14 13:00:00+00:00,848254284708831232,Giải Brazil - Mineiro 2,BR,Brazil,,,,,,,,,1,1,3600,24,,,,,,,,,,,,,,,,,2026-06-14 21:25:33
853864500926185472,,2026-06-14 14:00:00+00:00,849609221791408128,Giải chuyên nghiệp Uzbekistan,UZ,Uzbekistan,,,,,,,,,1,1,1000,23,,,,,,,,,,,,,,,,,2026-06-14 21:25:33
853635160292581376,,2026-06-14 13:00:00+00:00,727762033822711808,Giải ngoại hạng Zimbabwe,ZW,Zimbabwe,,,,,,,,,1,1,4020,24,,,,,,,,,,,,,,,,,2026-06-14 21:25:33
853635416094793728,,2026-06-14 13:00:00+00:00,727762033822711808,Giải ngoại hạng Zimbabwe,ZW,Zimbabwe,,,,,,,,,1,1,3960,24,,,,,,,,,,,,,,,,,2026-06-14 21:25:33
853645054039105536,,2026-06-14 13:00:00+00:00,727762033822711808,Giải ngoại hạng Zimbabwe,ZW,Zimbabwe,,,,,,,,,1,1,4080,24,,,,,,,,,,,,,,,,,2026-06-14 21:25:33
853533597658001408,,2026-06-14 13:00:00+00:00,853513896638930944,"Giải League 3, Georgia",GE,Georgia,,,,,,,,,1,1,3960,24,,,,,,,,,,,,,,,,,2026-06-14 21:25:33
853635160229666816,,2026-06-14 13:30:00+00:00,838111404337934336,Uruguay - Primera Division Amateur,UY,Uruguay,,,,,,,,,1,0,2883,25,,,,,,,,,,,,,,,,,2026-06-14 21:25:33
853635160326135808,,2026-06-14 13:00:00+00:00,838111404337934336,Uruguay - Primera Division Amateur,UY,Uruguay,,,,,,,,,1,1,3720,24,,,,,,,,,,,,,,,,,2026-06-14 21:25:33
852418725306212352,IFK Lidingo FK vs Taby FK,2026-06-14 13:45:00+00:00,852464510488092672,Giải Hạng 2 - Thụy Điển,SE,Thụy Điển,IFK Lidingo FK,Taby FK,1.0,2.0,1.0,2.0,0.0,0.0,1,1,2360,23,3.0,6.0,2.0,3.0,1.0,0.0,0.0,0.0,0.0,0.0,3.0,5.0,4.0,13.0,4.0,2.0,2026-06-14 21:25:33
852436985095512064,Helges IF vs Korsnas IF FK,2026-06-14 14:00:00+00:00,852464510488092672,Giải Hạng 2 - Thụy Điển,SE,Thụy Điển,Helges IF,Korsnas IF FK,1.0,1.0,1.0,1.0,0.0,0.0,1,1,1540,23,0.0,0.0,0.0,0.0,0.0,1.0,0.0,0.0,0.0,0.0,0.0,0.0,0.0,0.0,0.0,0.0,2026-06-14 21:25:33
852604710035955712,Lindo FF vs Nacka FC,2026-06-14 13:00:00+00:00,852464510488092672,Giải Hạng 2 - Thụy Điển,SE,Thụy Điển,Lindo FF,Nacka FC,2.0,0.0,1.0,0.0,1.0,0.0,1,1,3819,24,0.0,0.0,0.0,0.0,8.0,0.0,3.0,1.0,0.0,0.0,0.0,0.0,0.0,0.0,0.0,0.0,2026-06-14 21:25:33
853309364415770624,Lucksta IF vs Team TG FF,2026-06-14 13:00:00+00:00,852464510488092672,Giải Hạng 2 - Thụy Điển,SE,Thụy Điển,Lucksta IF,Team TG FF,1.0,1.0,1.0,0.0,0.0,1.0,1,1,4213,24,0.0,0.0,0.0,0.0,3.0,1.0,0.0,2.0,0.0,0.0,0.0,0.0,0.0,0.0,0.0,0.0,2026-06-14 21:25:33
852785001736298496,AFC Eskilstuna vs Assyriska FF,2026-06-14 14:00:00+00:00,852472225356591104,Giải Thuỵ Điển - 1st Div,SE,Thụy Điển,AFC Eskilstuna,Assyriska FF,0.0,0.0,0.0,0.0,0.0,0.0,1,1,1495,23,1.0,3.0,0.0,0.0,0.0,1.0,0.0,0.0,0.0,0.0,2.0,5.0,5.0,5.0,0.0,0.0,2026-06-14 21:25:33
852785001824268288,Enkopings vs Vasalund Essinge,2026-06-14 14:00:00+00:00,852472225356591104,Giải Thuỵ Điển - 1st Div,SE,Thụy Điển,Enkopings,Vasalund Essinge,0.0,0.0,0.0,0.0,0.0,0.0,1,1,1587,23,0.0,2.0,0.0,1.0,0.0,1.0,0.0,1.0,0.0,0.0,6.0,3.0,7.0,1.0,2.0,3.0,2026-06-14 21:25:33
852785002591825920,FC Stockholm Internazionale vs FBK Karlstad,2026-06-14 14:00:00+00:00,852472225356591104,Giải Thuỵ Điển - 1st Div,SE,Thụy Điển,FC Stockholm Internazionale,FBK Karlstad,1.0,0.0,1.0,0.0,0.0,0.0,1,1,1491,23,0.0,1.0,0.0,1.0,0.0,0.0,0.0,1.0,0.0,0.0,3.0,5.0,9.0,6.0,0.0,0.0,2026-06-14 21:25:33
852785002495356928,FC Rosengard 1917 vs Skovde AIK,2026-06-14 14:00:00+00:00,852472225356591104,Giải Thuỵ Điển - 1st Div,SE,Thụy Điển,FC Rosengard 1917,Skovde AIK,1.0,0.0,1.0,0.0,0.0,0.0,1,1,1527,23,4.0,1.0,2.0,1.0,2.0,2.0,0.0,0.0,0.0,0.0,5.0,0.0,9.0,4.0,0.0,0.0,2026-06-14 21:25:33
852881094524395520,Eidsvold TF vs Levanger,2026-06-14 13:00:00+00:00,852851350474862592,Giải hạng 2 Na Uy,NO,Na Uy,Eidsvold TF,Levanger,0.0,2.0,0.0,2.0,0.0,0.0,1,1,3961,24,12.0,3.0,4.0,2.0,3.0,1.0,0.0,0.0,0.0,0.0,6.0,9.0,18.0,9.0,3.0,13.0,2026-06-14 21:25:33
852881094801108992,Stjordals/Blink vs Trygg/Lade,2026-06-14 13:00:00+00:00,852851350474862592,Giải hạng 2 Na Uy,NO,Na Uy,Stjordals/Blink,Trygg/Lade,0.0,0.0,0.0,0.0,0.0,0.0,1,1,4245,24,17.0,2.0,2.0,1.0,8.0,1.0,0.0,1.0,0.0,0.0,11.0,8.0,20.0,28.0,2.0,11.0,2026-06-14 21:25:33
852881097493852160,Junkeren vs Honefoss BK,2026-06-14 14:00:00+00:00,852851350474862592,Giải hạng 2 Na Uy,NO,Na Uy,Junkeren,Honefoss BK,1.0,1.0,1.0,1.0,0.0,0.0,1,1,1569,23,2.0,7.0,1.0,5.0,0.0,1.0,0.0,0.0,0.0,0.0,3.0,4.0,6.0,7.0,1.0,2.0,2026-06-14 21:25:33
852667518819803136,,2026-06-14 14:00:00+00:00,819819203447283712,"Giải I Lyga, Lithuania",LT,Lithuania,,,,,,,,,1,1,1560,23,,,,,,,,,,,,,,,,,2026-06-14 21:25:33
852758206026670080,,2026-06-14 13:00:00+00:00,832495002860175360,Giải Phần Lan - Kakkonen,FI,Phần Lan,,,,,,,,,1,1,4140,24,,,,,,,,,,,,,,,,,2026-06-14 21:25:33
852758254697439232,,2026-06-14 13:00:00+00:00,832495002860175360,Giải Phần Lan - Kakkonen,FI,Phần Lan,,,,,,,,,1,1,4020,24,,,,,,,,,,,,,,,,,2026-06-14 21:25:33
853207333281783808,,2026-06-14 13:00:00+00:00,815533799810347008,Giải FNL 2 - Nga,RU,Nga,,,,,,,,,1,1,4200,24,,,,,,,,,,,,,,,,,2026-06-14 21:25:33
853207333244035072,,2026-06-14 13:00:00+00:00,815533799810347008,Giải FNL 2 - Nga,RU,Nga,,,,,,,,,1,1,4080,24,,,,,,,,,,,,,,,,,2026-06-14 21:25:33
853851139140333568,,2026-06-14 13:00:00+00:00,815533799810347008,Giải FNL 2 - Nga,RU,Nga,,,,,,,,,1,1,4200,24,,,,,,,,,,,,,,,,,2026-06-14 21:25:33
853263375856361472,,2026-06-14 14:00:00+00:00,825030529782218752,Giải nữ Thuỵ Điển Elitettan,SE,Thụy Điển,,,,,,,,,1,1,1500,23,,,,,,,,,,,,,,,,,2026-06-14 21:25:33
853890526196551680,,2026-06-14 13:00:00+00:00,825030529782218752,Giải nữ Thuỵ Điển Elitettan,SE,Thụy Điển,,,,,,,,,1,1,4080,24,,,,,,,,,,,,,,,,,2026-06-14 21:25:33
853476458507808768,,2026-06-14 14:00:00+00:00,827171795970117632,Giải Na Uy - Hạng 3,NO,Na Uy,,,,,,,,,1,1,1260,23,,,,,,,,,,,,,,,,,2026-06-14 21:25:33
853476458377846784,,2026-06-14 13:00:00+00:00,827171795970117632,Giải Na Uy - Hạng 3,NO,Na Uy,,,,,,,,,1,1,4140,24,,,,,,,,,,,,,,,,,2026-06-14 21:25:33
853536079494815744,,2026-06-14 12:30:00+00:00,853298291784560640,Malawi Top 8 Cup,MW,Malawi,,,,,,,,,1,1,5640,24,,,,,,,,,,,,,,,,,2026-06-14 21:25:33
853627542173966336,,2026-06-14 13:00:00+00:00,847065369700278272,Giải đấu thăng hạng nghiệp dư - Argentina,AR,Argentina,,,,,,,,,1,1,3900,24,,,,,,,,,,,,,,,,,2026-06-14 21:25:33
853635160397438976,,2026-06-14 14:00:00+00:00,841033609862459392,Giải nữ - Uruguay,UY,Uruguay,,,,,,,,,1,1,1320,23,,,,,,,,,,,,,,,,,2026-06-14 21:25:33
853637401040773120,,2026-06-14 13:00:00+00:00,825428604858195968,Giải trẻ Argentina,AR,Argentina,,,,,,,,,1,1,3540,24,,,,,,,,,,,,,,,,,2026-06-14 21:25:33
853932881062707200,,2026-06-14 12:56:00+00:00,825428604858195968,Giải trẻ Argentina,AR,Argentina,,,,,,,,,1,1,3300,24,,,,,,,,,,,,,,,,,2026-06-14 21:25:33
853732043434254336,,2026-06-14 14:00:00+00:00,833002898610053120,Giải Brazil - Campeonato Carioca A2,BR,Brazil,,,,,,,,,1,1,1500,23,,,,,,,,,,,,,,,,,2026-06-14 21:25:33
853822681077014528,,2026-06-14 13:00:00+00:00,833038461459292160,Giải U23 Paulista Serie B - Brazil,BR,Brazil,,,,,,,,,1,1,3300,24,,,,,,,,,,,,,,,,,2026-06-14 21:25:33
853822780297469952,,2026-06-14 13:00:00+00:00,833038461459292160,Giải U23 Paulista Serie B - Brazil,BR,Brazil,,,,,,,,,1,1,3660,24,,,,,,,,,,,,,,,,,2026-06-14 21:25:33
853822957825581056,,2026-06-14 13:00:00+00:00,848518208360341504,Brazil - Torneio Otavio Pinto Guimaraes U20,BR,Brazil,,,,,,,,,1,1,3540,24,,,,,,,,,,,,,,,,,2026-06-14 21:25:33
853899295299305472,,2026-06-14 12:55:00+00:00,851438111329427456,Giải U20 Amazonense Nữ - Brazil,BR,Brazil,,,,,,,,,1,1,4020,24,,,,,,,,,,,,,,,,,2026-06-14 21:25:33
853942794975494144,,2026-06-14 13:00:00+00:00,851032243605643264,Giải nữ Nigeria,NG,Nigeria,,,,,,,,,1,1,3480,24,,,,,,,,,,,,,,,,,2026-06-14 21:25:33
853999185555644416,,2026-06-14 13:56:00+00:00,852782551423819776,Giải khu vực - Ba Lan,PL,Ba Lan,,,,,,,,,1,1,1200,23,,,,,,,,,,,,,,,,,2026-06-14 21:25:33
853955434531618816,,2026-06-14 14:12:04.940000+00:00,794450022854078464,Giải V-Bóng đá Liên đoàn quốc gia nữ - 12 phút [V],VR,V-Bóng đá,,,,,,,,,1,1,5260,24,,,,,,,,,,,,,,,,,2026-06-14 21:25:33
853958202235387904,,2026-06-14 14:12:57.273000+00:00,794691521852268544,Giải V-Bóng đá Ý Serie A - 12 phút [V],VR,V-Bóng đá,,,,,,,,,1,1,4820,24,,,,,,,,,,,,,,,,,2026-06-14 21:25:33
853958202277330944,,2026-06-14 14:13:57.269000+00:00,794692455189753856,Giải V-Bóng đá Vô địch Quốc gia Argentina - 12 phút [V],VR,V-Bóng đá,,,,,,,,,1,1,4460,24,,,,,,,,,,,,,,,,,2026-06-14 21:25:33
853957959246696448,,2026-06-14 14:14:57.270000+00:00,794692593979273216,Giải V-Bóng đá Tây Ban Nha La Liga - 12 phút [V],VR,V-Bóng đá,,,,,,,,,1,1,4120,24,,,,,,,,,,,,,,,,,2026-06-14 21:25:33
853792115761893376,,2026-06-14 14:16:02.456000+00:00,843010962826256384,E-Soccer FC26 World Cup B - 8 mins,ESC,E-Soccer,,,,,,,,,1,0,5631,24,,,,,,,,,,,,,,,,,2026-06-14 21:25:33
853983630853455872,,2026-06-14 14:18:00+00:00,794820106093133824,E-Soccer International - 12 mins,ESC,E-Soccer,,,,,,,,,1,1,2896,24,,,,,,,,,,,,,,,,,2026-06-14 21:25:33
853983630924759040,,2026-06-14 14:18:00+00:00,794820106093133824,E-Soccer International - 12 mins,ESC,E-Soccer,,,,,,,,,1,1,2939,24,,,,,,,,,,,,,,,,,2026-06-14 21:25:33
853957950677811200,,2026-06-14 14:18:57.218000+00:00,795214842813534208,Giải V-Bóng đá Hàn Quốc K-League 1 - 12 phút [V],VR,V-Bóng đá,,,,,,,,,1,1,2640,23,,,,,,,,,,,,,,,,,2026-06-14 21:25:33
853995950950416384,,2026-06-14 14:20:00+00:00,794820512810553344,E-Soccer Volta England Premier League - 6 mins,ESC,E-Soccer,,,,,,,,,1,1,110,24,,,,,,,,,,,,,,,,,2026-06-14 21:25:33
853995951055273984,,2026-06-14 14:20:00+00:00,794820512810553344,E-Soccer Volta England Premier League - 6 mins,ESC,E-Soccer,,,,,,,,,1,1,86,24,,,,,,,,,,,,,,,,,2026-06-14 21:25:33
853990917793927168,,2026-06-14 14:22:00+00:00,794474957223800832,E-Soccer Italy Serie A - 8 mins,ESC,E-Soccer,,,,,,,,,1,1,0,23,,,,,,,,,,,,,,,,,2026-06-14 21:25:33
853990917772955648,,2026-06-14 14:22:00+00:00,794474957223800832,E-Soccer Italy Serie A - 8 mins,ESC,E-Soccer,,,,,,,,,1,1,1825,23,,,,,,,,,,,,,,,,,2026-06-14 21:25:33
853957950572875776,,2026-06-14 14:21:57.190000+00:00,794689955321667584,Giải V-Bóng đá Trung Quốc Super League - 12 phút [V],VR,V-Bóng đá,,,,,,,,,1,1,1460,23,,,,,,,,,,,,,,,,,2026-06-14 21:25:33
853957950631673856,,2026-06-14 14:21:57.228000+00:00,795215053459873792,Giải V-Bóng đá Champions League - 12 phút [V],VR,V-Bóng đá,,,,,,,,,1,1,1300,23,,,,,,,,,,,,,,,,,2026-06-14 21:25:33
853960718821982208,,2026-06-14 14:22:57.397000+00:00,794449773779529728,Giải V-Bóng đá Copa Libertadores - 12 phút [V],VR,V-Bóng đá,,,,,,,,,1,1,1000,23,,,,,,,,,,,,,,,,,2026-06-14 21:25:33
853960719040036864,,2026-06-14 14:23:57.290000+00:00,794690099526021120,Giải V-Soccer Ngoại hạng Anh - 12 phút [V],VR,V-Bóng đá,,,,,,,,,1,1,540,23,,,,,,,,,,,,,,,,,2026-06-14 21:25:33
853960474818347008,,2026-06-14 14:24:57.256000+00:00,794691691839029248,Giải V-Bóng đá Đức Bundesliga - 12 phút [V],VR,V-Bóng đá,,,,,,,,,1,1,120,23,,,,,,,,,,,,,,,,,2026-06-14 21:25:33
853880261510017024,,2026-06-14 14:25:00+00:00,817370511721160704,E-Soccer World Cup - 8 mins,ESC,E-Soccer,,,,,,,,,1,1,0,23,,,,,,,,,,,,,,,,,2026-06-14 21:25:33
853880484441468928,,2026-06-14 14:25:00+00:00,817370511721160704,E-Soccer World Cup - 8 mins,ESC,E-Soccer,,,,,,,,,1,1,142,23,,,,,,,,,,,,,,,,,2026-06-14 21:25:33
851467382345293824,,2026-06-14 14:00:00+00:00,826461964040683520,Giải hạng 1 - Na Uy,NO,Na Uy,,,,,,,,,1,1,1664,23,,,,,,,,,,,,,,,,,2026-06-14 21:27:50
851467382592757760,,2026-06-14 14:00:00+00:00,826461964040683520,Giải hạng 1 - Na Uy,NO,Na Uy,,,,,,,,,1,1,1664,23,,,,,,,,,,,,,,,,,2026-06-14 21:27:50
851467382701809664,,2026-06-14 14:00:00+00:00,826461964040683520,Giải hạng 1 - Na Uy,NO,Na Uy,,,,,,,,,1,1,1645,23,,,,,,,,,,,,,,,,,2026-06-14 21:27:50
851467382471122944,,2026-06-14 14:00:00+00:00,826461964040683520,Giải hạng 1 - Na Uy,NO,Na Uy,,,,,,,,,1,1,1710,23,,,,,,,,,,,,,,,,,2026-06-14 21:27:50
851467382697549824,,2026-06-14 14:00:00+00:00,826461964040683520,Giải hạng 1 - Na Uy,NO,Na Uy,,,,,,,,,1,1,1658,23,,,,,,,,,,,,,,,,,2026-06-14 21:27:50
851480196501856256,,2026-06-14 14:00:00+00:00,826461964040683520,Giải hạng 1 - Na Uy,NO,Na Uy,,,,,,,,,1,1,1680,23,,,,,,,,,,,,,,,,,2026-06-14 21:27:50
851482613414961152,,2026-06-14 14:00:00+00:00,826461964040683520,Giải hạng 1 - Na Uy,NO,Na Uy,,,,,,,,,1,1,1640,23,,,,,,,,,,,,,,,,,2026-06-14 21:27:50
851482613331013632,,2026-06-14 14:00:00+00:00,826461964040683520,Giải hạng 1 - Na Uy,NO,Na Uy,,,,,,,,,1,1,1650,23,,,,,,,,,,,,,,,,,2026-06-14 21:27:50
852250949228748800,Ljungskile SK vs Ostersunds FK,2026-06-14 13:00:00+00:00,826448989158391808,Giải Superettan Thụy Điển,SE,Thụy Điển,Ljungskile SK,Ostersunds FK,1.0,0.0,0.0,0.0,1.0,0.0,1,1,4315,24,8.0,1.0,3.0,0.0,1.0,4.0,0.0,0.0,0.0,0.0,10.0,9.0,21.0,23.0,7.0,5.0,2026-06-14 21:27:50
852599443953037312,Falkenbergs vs Orebro SK,2026-06-14 13:00:00+00:00,826448989158391808,Giải Superettan Thụy Điển,SE,Thụy Điển,Falkenbergs,Orebro SK,0.0,1.0,0.0,1.0,0.0,0.0,1,1,4174,24,6.0,9.0,3.0,2.0,3.0,8.0,1.0,1.0,0.0,0.0,9.0,7.0,19.0,12.0,9.0,6.0,2026-06-14 21:27:50
851077460908171264,,2026-06-14 14:00:00+00:00,730820323058204672,Giải Ngoại hạng - Kazakhstan,KZ,Kazakhstan,,,,,,,,,1,1,1685,23,,,,,,,,,,,,,,,,,2026-06-14 21:27:50
851077461147246592,,2026-06-14 14:00:00+00:00,730820323058204672,Giải Ngoại hạng - Kazakhstan,KZ,Kazakhstan,,,,,,,,,1,1,1594,23,,,,,,,,,,,,,,,,,2026-06-14 21:27:50
852151376057524224,,2026-06-14 14:00:00+00:00,809040415499300864,"Giải Serie B, Brazil",BR,Brazil,,,,,,,,,1,1,1554,23,,,,,,,,,,,,,,,,,2026-06-14 21:27:50
852198624892149760,,2026-06-14 14:00:00+00:00,809040415499300864,"Giải Serie B, Brazil",BR,Brazil,,,,,,,,,1,1,1593,23,,,,,,,,,,,,,,,,,2026-06-14 21:27:50
852662978213064704,,2026-06-14 14:00:00+00:00,817396149765013504,Giải ngoại hạng - Quần đảo Faroe,FO,Đảo Faroe,,,,,,,,,1,1,1560,23,,,,,,,,,,,,,,,,,2026-06-14 21:27:50
852662978120835072,,2026-06-14 14:00:00+00:00,817396149765013504,Giải ngoại hạng - Quần đảo Faroe,FO,Đảo Faroe,,,,,,,,,1,1,1620,23,,,,,,,,,,,,,,,,,2026-06-14 21:27:50
852250949279145984,,2026-06-14 14:00:00+00:00,814589890921836544,"Giải Serie C, Brazil",BR,Brazil,,,,,,,,,1,1,1500,23,,,,,,,,,,,,,,,,,2026-06-14 21:27:50
853903560810004480,,2026-06-14 14:00:00+00:00,827421357829799936,Belarus - Pershaya League,BY,Belarus,,,,,,,,,1,1,1605,23,,,,,,,,,,,,,,,,,2026-06-14 21:27:50
853476458574962688,,2026-06-14 13:00:00+00:00,823118341790236672,Giải hạng 1 nữ - Na Uy,NO,Na Uy,,,,,,,,,1,1,4140,24,,,,,,,,,,,,,,,,,2026-06-14 21:27:50
853476458650415104,,2026-06-14 13:00:00+00:00,823118341790236672,Giải hạng 1 nữ - Na Uy,NO,Na Uy,,,,,,,,,1,1,4200,24,,,,,,,,,,,,,,,,,2026-06-14 21:27:50
853167918081650688,,2026-06-14 14:00:00+00:00,837317946056687616,"Giải 2. Deild, Iceland",IS,Iceland,,,,,,,,,1,1,1532,23,,,,,,,,,,,,,,,,,2026-06-14 21:27:50
853899409736695808,,2026-06-14 13:00:00+00:00,728371041256353792,"Giải Paulista U20, Brazil",BR,Brazil,,,,,,,,,1,1,4090,24,,,,,,,,,,,,,,,,,2026-06-14 21:27:50
852967156886052864,,2026-06-14 14:00:00+00:00,817870980046446592,"Giải Segunda Division, Uruguay",UY,Uruguay,,,,,,,,,1,1,1380,23,,,,,,,,,,,,,,,,,2026-06-14 21:27:50
853533598920531968,,2026-06-14 13:00:00+00:00,853514313431031808,Cúp nữ Romania,RO,Romania,,,,,,,,,1,1,4080,24,,,,,,,,,,,,,,,,,2026-06-14 21:27:50
853167918052401152,,2026-06-14 13:30:00+00:00,832157405927563264,Giải Kolmonen - Phần Lan,FI,Phần Lan,,,,,,,,,1,0,2708,25,,,,,,,,,,,,,,,,,2026-06-14 21:27:50
853476456712708096,,2026-06-14 14:00:00+00:00,837938373728722944,"Giải 3. Deild, Iceland",IS,Iceland,,,,,,,,,1,1,1560,23,,,,,,,,,,,,,,,,,2026-06-14 21:27:50
853489197422780416,,2026-06-14 13:00:00+00:00,728212319171264512,Giải ngoại hạng Tanzania,TZ,Tanzania,,,,,,,,,1,1,3840,24,,,,,,,,,,,,,,,,,2026-06-14 21:27:50
853822634264387584,,2026-06-14 14:00:00+00:00,728371325001023488,Brazil - Gaucho U20,BR,Brazil,,,,,,,,,1,1,1620,23,,,,,,,,,,,,,,,,,2026-06-14 21:27:50
853476457635393536,,2026-06-14 14:00:00+00:00,850972216618426368,Giải Eccellenza - Ý,IT,Ý,,,,,,,,,1,1,1260,23,,,,,,,,,,,,,,,,,2026-06-14 21:27:50
853822584939372544,,2026-06-14 14:00:00+00:00,853000695845281792,Brazil - Catarinense U20,BR,Brazil,,,,,,,,,1,1,1560,23,,,,,,,,,,,,,,,,,2026-06-14 21:27:50
853773239191883776,,2026-06-14 13:30:00+00:00,848254284708831232,Giải Brazil - Mineiro 2,BR,Brazil,,,,,,,,,1,0,2973,25,,,,,,,,,,,,,,,,,2026-06-14 21:27:50
853773239292547072,,2026-06-14 13:00:00+00:00,848254284708831232,Giải Brazil - Mineiro 2,BR,Brazil,,,,,,,,,1,1,3720,24,,,,,,,,,,,,,,,,,2026-06-14 21:27:50
853864500926185472,,2026-06-14 14:00:00+00:00,849609221791408128,Giải chuyên nghiệp Uzbekistan,UZ,Uzbekistan,,,,,,,,,1,1,1101,23,,,,,,,,,,,,,,,,,2026-06-14 21:27:50
853635160292581376,,2026-06-14 13:00:00+00:00,727762033822711808,Giải ngoại hạng Zimbabwe,ZW,Zimbabwe,,,,,,,,,1,1,4200,24,,,,,,,,,,,,,,,,,2026-06-14 21:27:50
853635416094793728,,2026-06-14 13:00:00+00:00,727762033822711808,Giải ngoại hạng Zimbabwe,ZW,Zimbabwe,,,,,,,,,1,1,4080,24,,,,,,,,,,,,,,,,,2026-06-14 21:27:50
853645054039105536,,2026-06-14 13:00:00+00:00,727762033822711808,Giải ngoại hạng Zimbabwe,ZW,Zimbabwe,,,,,,,,,1,1,4200,24,,,,,,,,,,,,,,,,,2026-06-14 21:27:50
853533597658001408,,2026-06-14 13:00:00+00:00,853513896638930944,"Giải League 3, Georgia",GE,Georgia,,,,,,,,,1,1,4080,24,,,,,,,,,,,,,,,,,2026-06-14 21:27:50
853635160229666816,,2026-06-14 13:30:00+00:00,838111404337934336,Uruguay - Primera Division Amateur,UY,Uruguay,,,,,,,,,1,0,2883,25,,,,,,,,,,,,,,,,,2026-06-14 21:27:50
853635160326135808,,2026-06-14 13:00:00+00:00,838111404337934336,Uruguay - Primera Division Amateur,UY,Uruguay,,,,,,,,,1,1,3840,24,,,,,,,,,,,,,,,,,2026-06-14 21:27:50
852418725306212352,IFK Lidingo FK vs Taby FK,2026-06-14 13:45:00+00:00,852464510488092672,Giải Hạng 2 - Thụy Điển,SE,Thụy Điển,IFK Lidingo FK,Taby FK,1.0,2.0,1.0,2.0,0.0,0.0,1,1,2497,23,4.0,6.0,3.0,3.0,1.0,0.0,0.0,0.0,0.0,0.0,3.0,5.0,6.0,14.0,4.0,2.0,2026-06-14 21:27:50
852436985095512064,Helges IF vs Korsnas IF FK,2026-06-14 14:00:00+00:00,852464510488092672,Giải Hạng 2 - Thụy Điển,SE,Thụy Điển,Helges IF,Korsnas IF FK,1.0,1.0,1.0,1.0,0.0,0.0,1,1,1675,23,0.0,0.0,0.0,0.0,0.0,1.0,0.0,0.0,0.0,0.0,0.0,0.0,0.0,0.0,0.0,0.0,2026-06-14 21:27:50
852604710035955712,Lindo FF vs Nacka FC,2026-06-14 13:00:00+00:00,852464510488092672,Giải Hạng 2 - Thụy Điển,SE,Thụy Điển,Lindo FF,Nacka FC,2.0,0.0,1.0,0.0,1.0,0.0,1,1,3956,24,0.0,0.0,0.0,0.0,8.0,0.0,3.0,1.0,0.0,0.0,0.0,0.0,0.0,0.0,0.0,0.0,2026-06-14 21:27:50
853309364415770624,Lucksta IF vs Team TG FF,2026-06-14 13:00:00+00:00,852464510488092672,Giải Hạng 2 - Thụy Điển,SE,Thụy Điển,Lucksta IF,Team TG FF,1.0,1.0,1.0,0.0,0.0,1.0,1,1,4348,24,0.0,0.0,0.0,0.0,3.0,2.0,0.0,2.0,0.0,0.0,0.0,0.0,0.0,0.0,0.0,0.0,2026-06-14 21:27:50
852785001736298496,AFC Eskilstuna vs Assyriska FF,2026-06-14 14:00:00+00:00,852472225356591104,Giải Thuỵ Điển - 1st Div,SE,Thụy Điển,AFC Eskilstuna,Assyriska FF,0.0,0.0,0.0,0.0,0.0,0.0,1,1,1632,23,1.0,3.0,0.0,0.0,0.0,2.0,0.0,0.0,0.0,0.0,2.0,5.0,6.0,6.0,0.0,0.0,2026-06-14 21:27:50
852785001824268288,Enkopings vs Vasalund Essinge,2026-06-14 14:00:00+00:00,852472225356591104,Giải Thuỵ Điển - 1st Div,SE,Thụy Điển,Enkopings,Vasalund Essinge,0.0,0.0,0.0,0.0,0.0,0.0,1,1,1723,23,0.0,2.0,0.0,1.0,0.0,1.0,0.0,1.0,0.0,0.0,9.0,3.0,7.0,1.0,2.0,3.0,2026-06-14 21:27:50
852785002591825920,FC Stockholm Internazionale vs FBK Karlstad,2026-06-14 14:00:00+00:00,852472225356591104,Giải Thuỵ Điển - 1st Div,SE,Thụy Điển,FC Stockholm Internazionale,FBK Karlstad,1.0,0.0,1.0,0.0,0.0,0.0,1,1,1627,23,1.0,1.0,1.0,1.0,0.0,0.0,0.0,1.0,0.0,0.0,3.0,5.0,10.0,7.0,0.0,0.0,2026-06-14 21:27:50
852785002495356928,FC Rosengard 1917 vs Skovde AIK,2026-06-14 14:00:00+00:00,852472225356591104,Giải Thuỵ Điển - 1st Div,SE,Thụy Điển,FC Rosengard 1917,Skovde AIK,1.0,0.0,1.0,0.0,0.0,0.0,1,1,1663,23,4.0,1.0,2.0,1.0,2.0,2.0,0.0,0.0,0.0,0.0,5.0,0.0,10.0,4.0,0.0,0.0,2026-06-14 21:27:50
852881094524395520,Eidsvold TF vs Levanger,2026-06-14 13:00:00+00:00,852851350474862592,Giải hạng 2 Na Uy,NO,Na Uy,Eidsvold TF,Levanger,0.0,2.0,0.0,2.0,0.0,0.0,1,1,4098,24,12.0,3.0,4.0,2.0,3.0,1.0,0.0,0.0,0.0,0.0,6.0,9.0,18.0,9.0,3.0,14.0,2026-06-14 21:27:50
852881094801108992,Stjordals/Blink vs Trygg/Lade,2026-06-14 13:00:00+00:00,852851350474862592,Giải hạng 2 Na Uy,NO,Na Uy,Stjordals/Blink,Trygg/Lade,0.0,0.0,0.0,0.0,0.0,0.0,1,1,4382,24,17.0,2.0,2.0,1.0,8.0,1.0,0.0,1.0,0.0,0.0,11.0,8.0,22.0,28.0,3.0,11.0,2026-06-14 21:27:50
852881097493852160,Junkeren vs Honefoss BK,2026-06-14 14:00:00+00:00,852851350474862592,Giải hạng 2 Na Uy,NO,Na Uy,Junkeren,Honefoss BK,1.0,1.0,1.0,1.0,0.0,0.0,1,1,1706,23,2.0,8.0,1.0,6.0,0.0,1.0,0.0,0.0,0.0,0.0,3.0,4.0,6.0,7.0,1.0,2.0,2026-06-14 21:27:50
852667518819803136,,2026-06-14 14:00:00+00:00,819819203447283712,"Giải I Lyga, Lithuania",LT,Lithuania,,,,,,,,,1,1,1680,23,,,,,,,,,,,,,,,,,2026-06-14 21:27:50
852758206026670080,,2026-06-14 13:00:00+00:00,832495002860175360,Giải Phần Lan - Kakkonen,FI,Phần Lan,,,,,,,,,1,1,4260,24,,,,,,,,,,,,,,,,,2026-06-14 21:27:50
852758254697439232,,2026-06-14 13:00:00+00:00,832495002860175360,Giải Phần Lan - Kakkonen,FI,Phần Lan,,,,,,,,,1,1,4140,24,,,,,,,,,,,,,,,,,2026-06-14 21:27:50
853207333281783808,,2026-06-14 13:00:00+00:00,815533799810347008,Giải FNL 2 - Nga,RU,Nga,,,,,,,,,1,1,4320,24,,,,,,,,,,,,,,,,,2026-06-14 21:27:50
853207333244035072,,2026-06-14 13:00:00+00:00,815533799810347008,Giải FNL 2 - Nga,RU,Nga,,,,,,,,,1,1,4260,24,,,,,,,,,,,,,,,,,2026-06-14 21:27:50
853851139140333568,,2026-06-14 13:00:00+00:00,815533799810347008,Giải FNL 2 - Nga,RU,Nga,,,,,,,,,1,1,4320,24,,,,,,,,,,,,,,,,,2026-06-14 21:27:50
853263375856361472,,2026-06-14 14:00:00+00:00,825030529782218752,Giải nữ Thuỵ Điển Elitettan,SE,Thụy Điển,,,,,,,,,1,1,1680,23,,,,,,,,,,,,,,,,,2026-06-14 21:27:50
853890526196551680,,2026-06-14 13:00:00+00:00,825030529782218752,Giải nữ Thuỵ Điển Elitettan,SE,Thụy Điển,,,,,,,,,1,1,4200,24,,,,,,,,,,,,,,,,,2026-06-14 21:27:50
853476458507808768,,2026-06-14 14:00:00+00:00,827171795970117632,Giải Na Uy - Hạng 3,NO,Na Uy,,,,,,,,,1,1,1380,23,,,,,,,,,,,,,,,,,2026-06-14 21:27:50
853476458377846784,,2026-06-14 13:00:00+00:00,827171795970117632,Giải Na Uy - Hạng 3,NO,Na Uy,,,,,,,,,1,1,4320,24,,,,,,,,,,,,,,,,,2026-06-14 21:27:50
853627542173966336,,2026-06-14 13:00:00+00:00,847065369700278272,Giải đấu thăng hạng nghiệp dư - Argentina,AR,Argentina,,,,,,,,,1,1,4020,24,,,,,,,,,,,,,,,,,2026-06-14 21:27:50
853635160397438976,,2026-06-14 14:00:00+00:00,841033609862459392,Giải nữ - Uruguay,UY,Uruguay,,,,,,,,,1,1,1500,23,,,,,,,,,,,,,,,,,2026-06-14 21:27:50
853637401040773120,,2026-06-14 13:00:00+00:00,825428604858195968,Giải trẻ Argentina,AR,Argentina,,,,,,,,,1,1,3720,24,,,,,,,,,,,,,,,,,2026-06-14 21:27:50
853932881062707200,,2026-06-14 12:56:00+00:00,825428604858195968,Giải trẻ Argentina,AR,Argentina,,,,,,,,,1,1,3420,24,,,,,,,,,,,,,,,,,2026-06-14 21:27:50
853732043434254336,,2026-06-14 14:00:00+00:00,833002898610053120,Giải Brazil - Campeonato Carioca A2,BR,Brazil,,,,,,,,,1,1,1620,23,,,,,,,,,,,,,,,,,2026-06-14 21:27:50
853822681077014528,,2026-06-14 13:00:00+00:00,833038461459292160,Giải U23 Paulista Serie B - Brazil,BR,Brazil,,,,,,,,,1,1,3420,24,,,,,,,,,,,,,,,,,2026-06-14 21:27:50
853822780297469952,,2026-06-14 13:00:00+00:00,833038461459292160,Giải U23 Paulista Serie B - Brazil,BR,Brazil,,,,,,,,,1,1,3780,24,,,,,,,,,,,,,,,,,2026-06-14 21:27:50
853822957825581056,,2026-06-14 13:00:00+00:00,848518208360341504,Brazil - Torneio Otavio Pinto Guimaraes U20,BR,Brazil,,,,,,,,,1,1,3660,24,,,,,,,,,,,,,,,,,2026-06-14 21:27:50
853899295299305472,,2026-06-14 12:55:00+00:00,851438111329427456,Giải U20 Amazonense Nữ - Brazil,BR,Brazil,,,,,,,,,1,1,4200,24,,,,,,,,,,,,,,,,,2026-06-14 21:27:50
853942794975494144,,2026-06-14 13:00:00+00:00,851032243605643264,Giải nữ Nigeria,NG,Nigeria,,,,,,,,,1,1,3600,24,,,,,,,,,,,,,,,,,2026-06-14 21:27:50
853999185555644416,,2026-06-14 13:56:00+00:00,852782551423819776,Giải khu vực - Ba Lan,PL,Ba Lan,,,,,,,,,1,1,1380,23,,,,,,,,,,,,,,,,,2026-06-14 21:27:50
853958202277330944,,2026-06-14 14:13:57.269000+00:00,794692455189753856,Giải V-Bóng đá Vô địch Quốc gia Argentina - 12 phút [V],VR,V-Bóng đá,,,,,,,,,1,1,5400,24,,,,,,,,,,,,,,,,,2026-06-14 21:27:50
853957959246696448,,2026-06-14 14:14:57.270000+00:00,794692593979273216,Giải V-Bóng đá Tây Ban Nha La Liga - 12 phút [V],VR,V-Bóng đá,,,,,,,,,1,1,5020,24,,,,,,,,,,,,,,,,,2026-06-14 21:27:50
853983630853455872,,2026-06-14 14:18:00+00:00,794820106093133824,E-Soccer International - 12 mins,ESC,E-Soccer,,,,,,,,,1,1,3772,24,,,,,,,,,,,,,,,,,2026-06-14 21:27:50
853983630924759040,,2026-06-14 14:18:00+00:00,794820106093133824,E-Soccer International - 12 mins,ESC,E-Soccer,,,,,,,,,1,1,3831,24,,,,,,,,,,,,,,,,,2026-06-14 21:27:50
853957950677811200,,2026-06-14 14:18:57.218000+00:00,795214842813534208,Giải V-Bóng đá Hàn Quốc K-League 1 - 12 phút [V],VR,V-Bóng đá,,,,,,,,,1,1,3360,24,,,,,,,,,,,,,,,,,2026-06-14 21:27:50
853995950950416384,,2026-06-14 14:20:00+00:00,794820512810553344,E-Soccer Volta England Premier League - 6 mins,ESC,E-Soccer,,,,,,,,,1,1,6,24,,,,,,,,,,,,,,,,,2026-06-14 21:27:50
853957950572875776,,2026-06-14 14:21:57.190000+00:00,794689955321667584,Giải V-Bóng đá Trung Quốc Super League - 12 phút [V],VR,V-Bóng đá,,,,,,,,,1,1,2440,23,,,,,,,,,,,,,,,,,2026-06-14 21:27:50
853990917793927168,,2026-06-14 14:22:00+00:00,794474957223800832,E-Soccer Italy Serie A - 8 mins,ESC,E-Soccer,,,,,,,,,1,1,2700,24,,,,,,,,,,,,,,,,,2026-06-14 21:27:50
853990917772955648,,2026-06-14 14:22:00+00:00,794474957223800832,E-Soccer Italy Serie A - 8 mins,ESC,E-Soccer,,,,,,,,,1,1,3125,24,,,,,,,,,,,,,,,,,2026-06-14 21:27:50
853957950631673856,,2026-06-14 14:21:57.228000+00:00,795215053459873792,Giải V-Bóng đá Champions League - 12 phút [V],VR,V-Bóng đá,,,,,,,,,1,1,2180,23,,,,,,,,,,,,,,,,,2026-06-14 21:27:50
853960718821982208,,2026-06-14 14:22:57.397000+00:00,794449773779529728,Giải V-Bóng đá Copa Libertadores - 12 phút [V],VR,V-Bóng đá,,,,,,,,,1,1,1860,23,,,,,,,,,,,,,,,,,2026-06-14 21:27:50
853960719040036864,,2026-06-14 14:23:57.290000+00:00,794690099526021120,Giải V-Soccer Ngoại hạng Anh - 12 phút [V],VR,V-Bóng đá,,,,,,,,,1,1,1460,23,,,,,,,,,,,,,,,,,2026-06-14 21:27:50
853960474818347008,,2026-06-14 14:24:57.256000+00:00,794691691839029248,Giải V-Bóng đá Đức Bundesliga - 12 phút [V],VR,V-Bóng đá,,,,,,,,,1,1,1080,23,,,,,,,,,,,,,,,,,2026-06-14 21:27:50
853880261510017024,,2026-06-14 14:25:00+00:00,817370511721160704,E-Soccer World Cup - 8 mins,ESC,E-Soccer,,,,,,,,,1,1,1223,23,,,,,,,,,,,,,,,,,2026-06-14 21:27:50
853880484441468928,,2026-06-14 14:25:00+00:00,817370511721160704,E-Soccer World Cup - 8 mins,ESC,E-Soccer,,,,,,,,,1,1,1598,23,,,,,,,,,,,,,,,,,2026-06-14 21:27:50
853960474814103552,,2026-06-14 14:25:56.741000+00:00,794692166999138304,Giải V-Bóng đá Ligue 1 Pháp - 12 phút [V],VR,V-Bóng đá,,,,,,,,,1,1,620,23,,,,,,,,,,,,,,,,,2026-06-14 21:27:50
853960474763771904,,2026-06-14 14:26:57.296000+00:00,794692297936908288,Giải V-Bóng đá Giao hữu quốc tế - 12 phút [V],VR,V-Bóng đá,,,,,,,,,1,1,220,23,,,,,,,,,,,,,,,,,2026-06-14 21:27:50
851467382345293824,,2026-06-14 14:00:00+00:00,826461964040683520,Giải hạng 1 - Na Uy,NO,Na Uy,,,,,,,,,1,1,2585,23,,,,,,,,,,,,,,,,,2026-06-14 21:43:10
851467382592757760,,2026-06-14 14:00:00+00:00,826461964040683520,Giải hạng 1 - Na Uy,NO,Na Uy,,,,,,,,,1,1,2580,23,,,,,,,,,,,,,,,,,2026-06-14 21:43:10
851467382701809664,,2026-06-14 14:00:00+00:00,826461964040683520,Giải hạng 1 - Na Uy,NO,Na Uy,,,,,,,,,1,1,2563,23,,,,,,,,,,,,,,,,,2026-06-14 21:43:10
851467382471122944,,2026-06-14 14:00:00+00:00,826461964040683520,Giải hạng 1 - Na Uy,NO,Na Uy,,,,,,,,,1,1,2602,23,,,,,,,,,,,,,,,,,2026-06-14 21:43:10
851467382697549824,,2026-06-14 14:00:00+00:00,826461964040683520,Giải hạng 1 - Na Uy,NO,Na Uy,,,,,,,,,1,1,2574,23,,,,,,,,,,,,,,,,,2026-06-14 21:43:10
851480196501856256,,2026-06-14 14:00:00+00:00,826461964040683520,Giải hạng 1 - Na Uy,NO,Na Uy,,,,,,,,,1,1,2601,23,,,,,,,,,,,,,,,,,2026-06-14 21:43:10
851482613414961152,,2026-06-14 14:00:00+00:00,826461964040683520,Giải hạng 1 - Na Uy,NO,Na Uy,,,,,,,,,1,1,2560,23,,,,,,,,,,,,,,,,,2026-06-14 21:43:10
851482613331013632,,2026-06-14 14:00:00+00:00,826461964040683520,Giải hạng 1 - Na Uy,NO,Na Uy,,,,,,,,,1,1,2579,23,,,,,,,,,,,,,,,,,2026-06-14 21:43:10
852250949228748800,Ljungskile SK vs Ostersunds FK,2026-06-14 13:00:00+00:00,826448989158391808,Giải Superettan Thụy Điển,SE,Thụy Điển,Ljungskile SK,Ostersunds FK,1.0,1.0,0.0,0.0,1.0,1.0,1,1,5236,24,9.0,2.0,4.0,1.0,1.0,6.0,1.0,0.0,0.0,0.0,16.0,11.0,21.0,29.0,8.0,5.0,2026-06-14 21:43:10
852599443953037312,Falkenbergs vs Orebro SK,2026-06-14 13:00:00+00:00,826448989158391808,Giải Superettan Thụy Điển,SE,Thụy Điển,Falkenbergs,Orebro SK,0.0,1.0,0.0,1.0,0.0,0.0,1,1,5094,24,9.0,13.0,5.0,3.0,4.0,10.0,1.0,1.0,0.0,0.0,10.0,8.0,20.0,16.0,11.0,8.0,2026-06-14 21:43:10
851077460908171264,,2026-06-14 14:00:00+00:00,730820323058204672,Giải Ngoại hạng - Kazakhstan,KZ,Kazakhstan,,,,,,,,,1,1,2587,23,,,,,,,,,,,,,,,,,2026-06-14 21:43:10
851077461147246592,,2026-06-14 14:00:00+00:00,730820323058204672,Giải Ngoại hạng - Kazakhstan,KZ,Kazakhstan,,,,,,,,,1,1,2510,23,,,,,,,,,,,,,,,,,2026-06-14 21:43:10
852151376057524224,,2026-06-14 14:00:00+00:00,809040415499300864,"Giải Serie B, Brazil",BR,Brazil,,,,,,,,,1,1,2491,23,,,,,,,,,,,,,,,,,2026-06-14 21:43:10
852198624892149760,,2026-06-14 14:00:00+00:00,809040415499300864,"Giải Serie B, Brazil",BR,Brazil,,,,,,,,,1,1,2513,23,,,,,,,,,,,,,,,,,2026-06-14 21:43:10
852662978213064704,,2026-06-14 14:00:00+00:00,817396149765013504,Giải ngoại hạng - Quần đảo Faroe,FO,Đảo Faroe,,,,,,,,,1,1,2460,23,,,,,,,,,,,,,,,,,2026-06-14 21:43:10
852662978120835072,,2026-06-14 14:00:00+00:00,817396149765013504,Giải ngoại hạng - Quần đảo Faroe,FO,Đảo Faroe,,,,,,,,,1,1,2520,23,,,,,,,,,,,,,,,,,2026-06-14 21:43:10
852250949279145984,,2026-06-14 14:00:00+00:00,814589890921836544,"Giải Serie C, Brazil",BR,Brazil,,,,,,,,,1,1,2460,23,,,,,,,,,,,,,,,,,2026-06-14 21:43:10
853476458574962688,,2026-06-14 13:00:00+00:00,823118341790236672,Giải hạng 1 nữ - Na Uy,NO,Na Uy,,,,,,,,,1,1,5040,24,,,,,,,,,,,,,,,,,2026-06-14 21:43:10
853476458650415104,,2026-06-14 13:00:00+00:00,823118341790236672,Giải hạng 1 nữ - Na Uy,NO,Na Uy,,,,,,,,,1,1,5160,24,,,,,,,,,,,,,,,,,2026-06-14 21:43:10
853167918081650688,,2026-06-14 14:00:00+00:00,837317946056687616,"Giải 2. Deild, Iceland",IS,Iceland,,,,,,,,,1,1,2432,23,,,,,,,,,,,,,,,,,2026-06-14 21:43:10
853899409736695808,,2026-06-14 13:00:00+00:00,728371041256353792,"Giải Paulista U20, Brazil",BR,Brazil,,,,,,,,,1,1,5006,24,,,,,,,,,,,,,,,,,2026-06-14 21:43:10
852967156886052864,,2026-06-14 14:00:00+00:00,817870980046446592,"Giải Segunda Division, Uruguay",UY,Uruguay,,,,,,,,,1,1,2280,23,,,,,,,,,,,,,,,,,2026-06-14 21:43:10
853533598920531968,,2026-06-14 13:00:00+00:00,853514313431031808,Cúp nữ Romania,RO,Romania,,,,,,,,,1,1,4980,24,,,,,,,,,,,,,,,,,2026-06-14 21:43:10
853167918052401152,,2026-06-14 13:30:00+00:00,832157405927563264,Giải Kolmonen - Phần Lan,FI,Phần Lan,,,,,,,,,1,1,3294,24,,,,,,,,,,,,,,,,,2026-06-14 21:43:10
853476456712708096,,2026-06-14 14:00:00+00:00,837938373728722944,"Giải 3. Deild, Iceland",IS,Iceland,,,,,,,,,1,1,2520,23,,,,,,,,,,,,,,,,,2026-06-14 21:43:10
853489197422780416,,2026-06-14 13:00:00+00:00,728212319171264512,Giải ngoại hạng Tanzania,TZ,Tanzania,,,,,,,,,1,1,4740,24,,,,,,,,,,,,,,,,,2026-06-14 21:43:10
853292460103999488,,2026-06-14 14:30:00+00:00,822501002208100352,Giải Argentina - Torneo Federal A,AR,Argentina,,,,,,,,,1,1,364,23,,,,,,,,,,,,,,,,,2026-06-14 21:43:10
853822634264387584,,2026-06-14 14:00:00+00:00,728371325001023488,Brazil - Gaucho U20,BR,Brazil,,,,,,,,,1,1,2520,23,,,,,,,,,,,,,,,,,2026-06-14 21:43:10
853476457442566144,,2026-06-14 14:30:00+00:00,850972216618426368,Giải Eccellenza - Ý,IT,Ý,,,,,,,,,1,1,240,23,,,,,,,,,,,,,,,,,2026-06-14 21:43:10
853476457450905600,,2026-06-14 14:30:00+00:00,850972216618426368,Giải Eccellenza - Ý,IT,Ý,,,,,,,,,1,1,540,23,,,,,,,,,,,,,,,,,2026-06-14 21:43:10
853476457580867584,,2026-06-14 14:30:00+00:00,850972216618426368,Giải Eccellenza - Ý,IT,Ý,,,,,,,,,1,1,540,23,,,,,,,,,,,,,,,,,2026-06-14 21:43:10
853476457559896064,,2026-06-14 14:30:00+00:00,850972216618426368,Giải Eccellenza - Ý,IT,Ý,,,,,,,,,1,1,660,23,,,,,,,,,,,,,,,,,2026-06-14 21:43:10
853476457635393536,,2026-06-14 14:00:00+00:00,850972216618426368,Giải Eccellenza - Ý,IT,Ý,,,,,,,,,1,1,2220,23,,,,,,,,,,,,,,,,,2026-06-14 21:43:10
853822584939372544,,2026-06-14 14:00:00+00:00,853000695845281792,Brazil - Catarinense U20,BR,Brazil,,,,,,,,,1,1,2520,23,,,,,,,,,,,,,,,,,2026-06-14 21:43:10
853773239191883776,,2026-06-14 13:30:00+00:00,848254284708831232,Giải Brazil - Mineiro 2,BR,Brazil,,,,,,,,,1,1,3073,24,,,,,,,,,,,,,,,,,2026-06-14 21:43:10
853773239292547072,,2026-06-14 13:00:00+00:00,848254284708831232,Giải Brazil - Mineiro 2,BR,Brazil,,,,,,,,,1,1,4680,24,,,,,,,,,,,,,,,,,2026-06-14 21:43:10
853864500926185472,,2026-06-14 14:00:00+00:00,849609221791408128,Giải chuyên nghiệp Uzbekistan,UZ,Uzbekistan,,,,,,,,,1,1,2048,23,,,,,,,,,,,,,,,,,2026-06-14 21:43:10
853635160292581376,,2026-06-14 13:00:00+00:00,727762033822711808,Giải ngoại hạng Zimbabwe,ZW,Zimbabwe,,,,,,,,,1,1,5100,24,,,,,,,,,,,,,,,,,2026-06-14 21:43:10
853635416094793728,,2026-06-14 13:00:00+00:00,727762033822711808,Giải ngoại hạng Zimbabwe,ZW,Zimbabwe,,,,,,,,,1,1,4980,24,,,,,,,,,,,,,,,,,2026-06-14 21:43:10
853645054039105536,,2026-06-14 13:00:00+00:00,727762033822711808,Giải ngoại hạng Zimbabwe,ZW,Zimbabwe,,,,,,,,,1,1,5160,24,,,,,,,,,,,,,,,,,2026-06-14 21:43:10
853533597658001408,,2026-06-14 13:00:00+00:00,853513896638930944,"Giải League 3, Georgia",GE,Georgia,,,,,,,,,1,1,4980,24,,,,,,,,,,,,,,,,,2026-06-14 21:43:10
853635160229666816,,2026-06-14 13:30:00+00:00,838111404337934336,Uruguay - Primera Division Amateur,UY,Uruguay,,,,,,,,,1,1,2894,24,,,,,,,,,,,,,,,,,2026-06-14 21:43:10
853635160326135808,,2026-06-14 13:00:00+00:00,838111404337934336,Uruguay - Primera Division Amateur,UY,Uruguay,,,,,,,,,1,1,4800,24,,,,,,,,,,,,,,,,,2026-06-14 21:43:10
853637269536759808,,2026-06-14 14:30:00+00:00,853214507202523136,Giải nữ Cameroon,CM,Cameroon,,,,,,,,,1,1,694,23,,,,,,,,,,,,,,,,,2026-06-14 21:43:10
852418725306212352,IFK Lidingo FK vs Taby FK,2026-06-14 13:45:00+00:00,852464510488092672,Giải Hạng 2 - Thụy Điển,SE,Thụy Điển,IFK Lidingo FK,Taby FK,1.0,3.0,1.0,3.0,0.0,0.0,1,0,2836,25,4.0,7.0,3.0,4.0,1.0,0.0,1.0,1.0,0.0,0.0,3.0,6.0,7.0,14.0,5.0,2.0,2026-06-14 21:43:10
852436985095512064,Helges IF vs Korsnas IF FK,2026-06-14 14:00:00+00:00,852464510488092672,Giải Hạng 2 - Thụy Điển,SE,Thụy Điển,Helges IF,Korsnas IF FK,1.0,2.0,1.0,2.0,0.0,0.0,1,1,2598,23,0.0,0.0,0.0,0.0,0.0,1.0,1.0,1.0,0.0,0.0,0.0,0.0,0.0,0.0,0.0,0.0,2026-06-14 21:43:10
852604710035955712,Lindo FF vs Nacka FC,2026-06-14 13:00:00+00:00,852464510488092672,Giải Hạng 2 - Thụy Điển,SE,Thụy Điển,Lindo FF,Nacka FC,3.0,0.0,1.0,0.0,2.0,0.0,1,1,4877,24,0.0,0.0,0.0,0.0,8.0,2.0,3.0,1.0,0.0,0.0,0.0,0.0,0.0,0.0,0.0,0.0,2026-06-14 21:43:10
853309364415770624,Lucksta IF vs Team TG FF,2026-06-14 13:00:00+00:00,852464510488092672,Giải Hạng 2 - Thụy Điển,SE,Thụy Điển,Lucksta IF,Team TG FF,1.0,3.0,1.0,0.0,0.0,3.0,1,1,5269,24,0.0,0.0,0.0,0.0,3.0,2.0,3.0,3.0,0.0,0.0,0.0,0.0,0.0,0.0,0.0,0.0,2026-06-14 21:43:10
852881094524395520,Eidsvold TF vs Levanger,2026-06-14 13:00:00+00:00,852851350474862592,Giải hạng 2 Na Uy,NO,Na Uy,Eidsvold TF,Levanger,1.0,2.0,0.0,2.0,1.0,0.0,1,1,5018,24,15.0,3.0,5.0,2.0,5.0,1.0,2.0,0.0,0.0,0.0,7.0,10.0,23.0,10.0,3.0,19.0,2026-06-14 21:43:10
852881094801108992,Stjordals/Blink vs Trygg/Lade,2026-06-14 13:00:00+00:00,852851350474862592,Giải hạng 2 Na Uy,NO,Na Uy,Stjordals/Blink,Trygg/Lade,2.0,1.0,0.0,0.0,2.0,1.0,1,1,5302,24,20.0,5.0,4.0,3.0,9.0,2.0,1.0,1.0,0.0,0.0,13.0,10.0,25.0,31.0,3.0,12.0,2026-06-14 21:43:10
852881097493852160,Junkeren vs Honefoss BK,2026-06-14 14:00:00+00:00,852851350474862592,Giải hạng 2 Na Uy,NO,Na Uy,Junkeren,Honefoss BK,1.0,2.0,1.0,2.0,0.0,0.0,1,1,2626,23,2.0,11.0,1.0,8.0,0.0,1.0,0.0,0.0,0.0,0.0,4.0,5.0,7.0,11.0,1.0,3.0,2026-06-14 21:43:10
852785001736298496,AFC Eskilstuna vs Assyriska FF,2026-06-14 14:00:00+00:00,852472225356591104,Giải Thuỵ Điển - 1st Div,SE,Thụy Điển,AFC Eskilstuna,Assyriska FF,0.0,0.0,0.0,0.0,0.0,0.0,1,1,2553,23,2.0,6.0,0.0,2.0,0.0,3.0,0.0,0.0,0.0,0.0,3.0,7.0,8.0,6.0,0.0,0.0,2026-06-14 21:43:10
852785001824268288,Enkopings vs Vasalund Essinge,2026-06-14 14:00:00+00:00,852472225356591104,Giải Thuỵ Điển - 1st Div,SE,Thụy Điển,Enkopings,Vasalund Essinge,1.0,0.0,1.0,0.0,0.0,0.0,1,1,2644,23,2.0,2.0,1.0,1.0,0.0,1.0,0.0,1.0,0.0,0.0,10.0,8.0,10.0,3.0,3.0,5.0,2026-06-14 21:43:10
852785002591825920,FC Stockholm Internazionale vs FBK Karlstad,2026-06-14 14:00:00+00:00,852472225356591104,Giải Thuỵ Điển - 1st Div,SE,Thụy Điển,FC Stockholm Internazionale,FBK Karlstad,2.0,1.0,2.0,1.0,0.0,0.0,1,1,2548,23,1.0,3.0,1.0,2.0,1.0,1.0,0.0,1.0,0.0,0.0,4.0,5.0,13.0,14.0,0.0,0.0,2026-06-14 21:43:10
852785002495356928,FC Rosengard 1917 vs Skovde AIK,2026-06-14 14:00:00+00:00,852472225356591104,Giải Thuỵ Điển - 1st Div,SE,Thụy Điển,FC Rosengard 1917,Skovde AIK,1.0,0.0,1.0,0.0,0.0,0.0,1,1,2583,23,4.0,5.0,2.0,4.0,2.0,2.0,0.0,0.0,0.0,0.0,6.0,2.0,10.0,6.0,0.0,0.0,2026-06-14 21:43:10
852667518819803136,,2026-06-14 14:00:00+00:00,819819203447283712,"Giải I Lyga, Lithuania",LT,Lithuania,,,,,,,,,1,1,2580,23,,,,,,,,,,,,,,,,,2026-06-14 21:43:10
852758206026670080,,2026-06-14 13:00:00+00:00,832495002860175360,Giải Phần Lan - Kakkonen,FI,Phần Lan,,,,,,,,,1,1,5160,24,,,,,,,,,,,,,,,,,2026-06-14 21:43:10
852758254697439232,,2026-06-14 13:00:00+00:00,832495002860175360,Giải Phần Lan - Kakkonen,FI,Phần Lan,,,,,,,,,1,1,5100,24,,,,,,,,,,,,,,,,,2026-06-14 21:43:10
853207333281783808,,2026-06-14 13:00:00+00:00,815533799810347008,Giải FNL 2 - Nga,RU,Nga,,,,,,,,,1,1,5280,24,,,,,,,,,,,,,,,,,2026-06-14 21:43:10
853207333244035072,,2026-06-14 13:00:00+00:00,815533799810347008,Giải FNL 2 - Nga,RU,Nga,,,,,,,,,1,1,5160,24,,,,,,,,,,,,,,,,,2026-06-14 21:43:10
853851139140333568,,2026-06-14 13:00:00+00:00,815533799810347008,Giải FNL 2 - Nga,RU,Nga,,,,,,,,,1,1,5280,24,,,,,,,,,,,,,,,,,2026-06-14 21:43:10
853263375856361472,,2026-06-14 14:00:00+00:00,825030529782218752,Giải nữ Thuỵ Điển Elitettan,SE,Thụy Điển,,,,,,,,,1,1,2580,23,,,,,,,,,,,,,,,,,2026-06-14 21:43:10
853890526196551680,,2026-06-14 13:00:00+00:00,825030529782218752,Giải nữ Thuỵ Điển Elitettan,SE,Thụy Điển,,,,,,,,,1,1,5100,24,,,,,,,,,,,,,,,,,2026-06-14 21:43:10
853476458507808768,,2026-06-14 14:00:00+00:00,827171795970117632,Giải Na Uy - Hạng 3,NO,Na Uy,,,,,,,,,1,1,2340,23,,,,,,,,,,,,,,,,,2026-06-14 21:43:10
853476458377846784,,2026-06-14 13:00:00+00:00,827171795970117632,Giải Na Uy - Hạng 3,NO,Na Uy,,,,,,,,,1,1,5220,24,,,,,,,,,,,,,,,,,2026-06-14 21:43:10
853627542173966336,,2026-06-14 13:00:00+00:00,847065369700278272,Giải đấu thăng hạng nghiệp dư - Argentina,AR,Argentina,,,,,,,,,1,1,4920,24,,,,,,,,,,,,,,,,,2026-06-14 21:43:10
853635160397438976,,2026-06-14 14:00:00+00:00,841033609862459392,Giải nữ - Uruguay,UY,Uruguay,,,,,,,,,1,1,2400,23,,,,,,,,,,,,,,,,,2026-06-14 21:43:10
853637401040773120,,2026-06-14 13:00:00+00:00,825428604858195968,Giải trẻ Argentina,AR,Argentina,,,,,,,,,1,1,4620,24,,,,,,,,,,,,,,,,,2026-06-14 21:43:10
853932881062707200,,2026-06-14 12:56:00+00:00,825428604858195968,Giải trẻ Argentina,AR,Argentina,,,,,,,,,1,1,4320,24,,,,,,,,,,,,,,,,,2026-06-14 21:43:10
853732043434254336,,2026-06-14 14:00:00+00:00,833002898610053120,Giải Brazil - Campeonato Carioca A2,BR,Brazil,,,,,,,,,1,1,2520,23,,,,,,,,,,,,,,,,,2026-06-14 21:43:10
853822681077014528,,2026-06-14 13:00:00+00:00,833038461459292160,Giải U23 Paulista Serie B - Brazil,BR,Brazil,,,,,,,,,1,1,4320,24,,,,,,,,,,,,,,,,,2026-06-14 21:43:10
853822780297469952,,2026-06-14 13:00:00+00:00,833038461459292160,Giải U23 Paulista Serie B - Brazil,BR,Brazil,,,,,,,,,1,1,4680,24,,,,,,,,,,,,,,,,,2026-06-14 21:43:10
853822957825581056,,2026-06-14 13:00:00+00:00,848518208360341504,Brazil - Torneio Otavio Pinto Guimaraes U20,BR,Brazil,,,,,,,,,1,1,4440,24,,,,,,,,,,,,,,,,,2026-06-14 21:43:10
853942794975494144,,2026-06-14 13:00:00+00:00,851032243605643264,Giải nữ Nigeria,NG,Nigeria,,,,,,,,,1,1,4560,24,,,,,,,,,,,,,,,,,2026-06-14 21:43:10
853999185555644416,,2026-06-14 13:56:00+00:00,852782551423819776,Giải khu vực - Ba Lan,PL,Ba Lan,,,,,,,,,1,1,2280,23,,,,,,,,,,,,,,,,,2026-06-14 21:43:10
853960718880653312,,2026-06-14 14:28:57.253000+00:00,794691521852268544,Giải V-Bóng đá Ý Serie A - 12 phút [V],VR,V-Bóng đá,,,,,,,,,1,1,5500,24,,,,,,,,,,,,,,,,,2026-06-14 21:43:10
853960467457355776,,2026-06-14 14:29:57.268000+00:00,794692455189753856,Giải V-Bóng đá Vô địch Quốc gia Argentina - 12 phút [V],VR,V-Bóng đá,,,,,,,,,1,1,5400,24,,,,,,,,,,,,,,,,,2026-06-14 21:43:10
853960718931034112,,2026-06-14 14:30:57.254000+00:00,794692593979273216,Giải V-Bóng đá Tây Ban Nha La Liga - 12 phút [V],VR,V-Bóng đá,,,,,,,,,1,1,4740,24,,,,,,,,,,,,,,,,,2026-06-14 21:43:10
853995707026472960,,2026-06-14 14:34:00+00:00,794474957223800832,E-Soccer Italy Serie A - 8 mins,ESC,E-Soccer,,,,,,,,,1,1,5409,24,,,,,,,,,,,,,,,,,2026-06-14 21:43:10
853963235848978432,,2026-06-14 14:34:57.212000+00:00,795214842813534208,Giải V-Bóng đá Hàn Quốc K-League 1 - 12 phút [V],VR,V-Bóng đá,,,,,,,,,1,1,3000,24,,,,,,,,,,,,,,,,,2026-06-14 21:43:10
853988158310993921,,2026-06-14 14:36:00+00:00,794820106093133824,E-Soccer International - 12 mins,ESC,E-Soccer,,,,,,,,,1,1,2700,24,,,,,,,,,,,,,,,,,2026-06-14 21:43:10
853988652676829184,,2026-06-14 14:36:00+00:00,794820106093133824,E-Soccer International - 12 mins,ESC,E-Soccer,,,,,,,,,1,1,2775,24,,,,,,,,,,,,,,,,,2026-06-14 21:43:10
853880246536351744,,2026-06-14 14:37:00+00:00,817370511721160704,E-Soccer World Cup - 8 mins,ESC,E-Soccer,,,,,,,,,1,1,3772,24,,,,,,,,,,,,,,,,,2026-06-14 21:43:10
853880954002104320,,2026-06-14 14:37:00+00:00,817370511721160704,E-Soccer World Cup - 8 mins,ESC,E-Soccer,,,,,,,,,1,1,3460,24,,,,,,,,,,,,,,,,,2026-06-14 21:43:10
853962983951613952,,2026-06-14 14:37:57.245000+00:00,795215053459873792,Giải V-Bóng đá Champions League - 12 phút [V],VR,V-Bóng đá,,,,,,,,,1,1,2020,23,,,,,,,,,,,,,,,,,2026-06-14 21:43:10
853962983817371648,,2026-06-14 14:37:57.231000+00:00,794689955321667584,Giải V-Bóng đá Trung Quốc Super League - 12 phút [V],VR,V-Bóng đá,,,,,,,,,1,1,2120,23,,,,,,,,,,,,,,,,,2026-06-14 21:43:10
854000984782110720,,2026-06-14 14:38:00+00:00,794820512810553344,E-Soccer Volta England Premier League - 6 mins,ESC,E-Soccer,,,,,,,,,1,1,93,24,,,,,,,,,,,,,,,,,2026-06-14 21:43:10
854000732406571008,,2026-06-14 14:38:00+00:00,794820512810553344,E-Soccer Volta England Premier League - 6 mins,ESC,E-Soccer,,,,,,,,,1,1,89,24,,,,,,,,,,,,,,,,,2026-06-14 21:43:10
853791933372674048,,2026-06-14 14:38:07.219000+00:00,843010424525041664,E-Soccer FC26 Champions League B - 8 mins,ESC,E-Soccer,,,,,,,,,1,1,2734,24,,,,,,,,,,,,,,,,,2026-06-14 21:43:10
853791973759537152,,2026-06-14 14:38:13.044000+00:00,843010424525041664,E-Soccer FC26 Champions League B - 8 mins,ESC,E-Soccer,,,,,,,,,1,1,2768,24,,,,,,,,,,,,,,,,,2026-06-14 21:43:10
853962983901257728,,2026-06-14 14:38:57.289000+00:00,794449773779529728,Giải V-Bóng đá Copa Libertadores - 12 phút [V],VR,V-Bóng đá,,,,,,,,,1,1,1720,23,,,,,,,,,,,,,,,,,2026-06-14 21:43:10
853903088917250048,,2026-06-14 14:40:00+00:00,794689746088812544,E-Soccer Europa League - 8 mins,ESC,E-Soccer,,,,,,,,,1,1,1556,23,,,,,,,,,,,,,,,,,2026-06-14 21:43:10
853900334396178432,,2026-06-14 14:40:00+00:00,794689746088812544,E-Soccer Europa League - 8 mins,ESC,E-Soccer,,,,,,,,,1,1,1402,23,,,,,,,,,,,,,,,,,2026-06-14 21:43:10
853962995733413888,,2026-06-14 14:39:57.232000+00:00,794690099526021120,Giải V-Soccer Ngoại hạng Anh - 12 phút [V],VR,V-Bóng đá,,,,,,,,,1,1,1140,23,,,,,,,,,,,,,,,,,2026-06-14 21:43:10
853962983993532416,,2026-06-14 14:40:57.266000+00:00,794691691839029248,Giải V-Bóng đá Đức Bundesliga - 12 phút [V],VR,V-Bóng đá,,,,,,,,,1,1,860,23,,,,,,,,,,,,,,,,,2026-06-14 21:43:10
853962997243338752,,2026-06-14 14:41:57.220000+00:00,794692166999138304,Giải V-Bóng đá Ligue 1 Pháp - 12 phút [V],VR,V-Bóng đá,,,,,,,,,1,1,400,23,,,,,,,,,,,,,,,,,2026-06-14 21:43:10
853963235467223040,,2026-06-14 14:42:57.243000+00:00,794692297936908288,Giải V-Bóng đá Giao hữu quốc tế - 12 phút [V],VR,V-Bóng đá,,,,,,,,,1,1,0,23,,,,,,,,,,,,,,,,,2026-06-14 21:43:10
851467382345293824,,2026-06-14 14:00:00+00:00,826461964040683520,Giải hạng 1 - Na Uy,NO,Na Uy,,,,,,,,,1,1,4698,24,,,,,,,,,,,,,,,,,2026-06-14 22:36:11
851467382592757760,,2026-06-14 14:00:00+00:00,826461964040683520,Giải hạng 1 - Na Uy,NO,Na Uy,,,,,,,,,1,1,4568,24,,,,,,,,,,,,,,,,,2026-06-14 22:36:11
851467382701809664,,2026-06-14 14:00:00+00:00,826461964040683520,Giải hạng 1 - Na Uy,NO,Na Uy,,,,,,,,,1,1,4714,24,,,,,,,,,,,,,,,,,2026-06-14 22:36:11
851467382471122944,,2026-06-14 14:00:00+00:00,826461964040683520,Giải hạng 1 - Na Uy,NO,Na Uy,,,,,,,,,1,1,4825,24,,,,,,,,,,,,,,,,,2026-06-14 22:36:11
851467382697549824,,2026-06-14 14:00:00+00:00,826461964040683520,Giải hạng 1 - Na Uy,NO,Na Uy,,,,,,,,,1,1,4771,24,,,,,,,,,,,,,,,,,2026-06-14 22:36:11
851480196501856256,,2026-06-14 14:00:00+00:00,826461964040683520,Giải hạng 1 - Na Uy,NO,Na Uy,,,,,,,,,1,1,4690,24,,,,,,,,,,,,,,,,,2026-06-14 22:36:11
851482613414961152,,2026-06-14 14:00:00+00:00,826461964040683520,Giải hạng 1 - Na Uy,NO,Na Uy,,,,,,,,,1,1,4680,24,,,,,,,,,,,,,,,,,2026-06-14 22:36:11
851482613331013632,,2026-06-14 14:00:00+00:00,826461964040683520,Giải hạng 1 - Na Uy,NO,Na Uy,,,,,,,,,1,1,4589,24,,,,,,,,,,,,,,,,,2026-06-14 22:36:11
852251055105630208,Sandvikens IF vs IK Brage,2026-06-14 15:00:00+00:00,826448989158391808,Giải Superettan Thụy Điển,SE,Thụy Điển,Sandvikens IF,IK Brage,1.0,0.0,1.0,0.0,0.0,0.0,1,1,2135,23,6.0,3.0,2.0,2.0,1.0,2.0,0.0,0.0,0.0,0.0,3.0,4.0,5.0,12.0,2.0,5.0,2026-06-14 22:36:11
851638157278720000,,2026-06-14 15:00:00+00:00,821289301190115328,Giải ngoại hạng Belarus,BY,Belarus,,,,,,,,,1,1,2100,23,,,,,,,,,,,,,,,,,2026-06-14 22:36:11
852881877240131584,,2026-06-14 15:00:00+00:00,851737952131522560,Giải vô địch quốc gia Marốc,MA,Marốc,,,,,,,,,1,1,2113,23,,,,,,,,,,,,,,,,,2026-06-14 22:36:11
852881877022027776,,2026-06-14 15:00:00+00:00,851737952131522560,Giải vô địch quốc gia Marốc,MA,Marốc,,,,,,,,,1,1,2040,23,,,,,,,,,,,,,,,,,2026-06-14 22:36:11
852881877206687744,,2026-06-14 15:00:00+00:00,851737952131522560,Giải vô địch quốc gia Marốc,MA,Marốc,,,,,,,,,1,1,2043,23,,,,,,,,,,,,,,,,,2026-06-14 22:36:11
853223798475137024,,2026-06-14 15:00:00+00:00,851737952131522560,Giải vô địch quốc gia Marốc,MA,Marốc,,,,,,,,,1,1,2135,23,,,,,,,,,,,,,,,,,2026-06-14 22:36:11
851077459951759360,,2026-06-14 15:00:00+00:00,730820323058204672,Giải Ngoại hạng - Kazakhstan,KZ,Kazakhstan,,,,,,,,,1,1,2124,23,,,,,,,,,,,,,,,,,2026-06-14 22:36:11
851077459943432192,,2026-06-14 15:00:00+00:00,730820323058204672,Giải Ngoại hạng - Kazakhstan,KZ,Kazakhstan,,,,,,,,,1,1,2060,23,,,,,,,,,,,,,,,,,2026-06-14 22:36:11
851077460908171264,,2026-06-14 14:00:00+00:00,730820323058204672,Giải Ngoại hạng - Kazakhstan,KZ,Kazakhstan,,,,,,,,,1,1,4734,24,,,,,,,,,,,,,,,,,2026-06-14 22:36:11
851077461147246592,,2026-06-14 14:00:00+00:00,730820323058204672,Giải Ngoại hạng - Kazakhstan,KZ,Kazakhstan,,,,,,,,,1,1,4542,24,,,,,,,,,,,,,,,,,2026-06-14 22:36:11
853399880063066112,,2026-06-14 15:00:00+00:00,852882381508747264,Giải Cameroon - Elite One,CM,Cameroon,,,,,,,,,1,1,1500,23,,,,,,,,,,,,,,,,,2026-06-14 22:36:11
852151376057524224,,2026-06-14 14:00:00+00:00,809040415499300864,"Giải Serie B, Brazil",BR,Brazil,,,,,,,,,1,1,4300,24,,,,,,,,,,,,,,,,,2026-06-14 22:36:11
852198624892149760,,2026-06-14 14:00:00+00:00,809040415499300864,"Giải Serie B, Brazil",BR,Brazil,,,,,,,,,1,1,4727,24,,,,,,,,,,,,,,,,,2026-06-14 22:36:11
852662978213064704,,2026-06-14 14:00:00+00:00,817396149765013504,Giải ngoại hạng - Quần đảo Faroe,FO,Đảo Faroe,,,,,,,,,1,1,4560,24,,,,,,,,,,,,,,,,,2026-06-14 22:36:11
852662978120835072,,2026-06-14 14:00:00+00:00,817396149765013504,Giải ngoại hạng - Quần đảo Faroe,FO,Đảo Faroe,,,,,,,,,1,1,4740,24,,,,,,,,,,,,,,,,,2026-06-14 22:36:11
852250949279145984,,2026-06-14 14:00:00+00:00,814589890921836544,"Giải Serie C, Brazil",BR,Brazil,,,,,,,,,1,1,4260,24,,,,,,,,,,,,,,,,,2026-06-14 22:36:11
853167918081650688,,2026-06-14 14:00:00+00:00,837317946056687616,"Giải 2. Deild, Iceland",IS,Iceland,,,,,,,,,1,1,4462,24,,,,,,,,,,,,,,,,,2026-06-14 22:36:11
853536079515869184,,2026-06-14 15:00:00+00:00,822852227420254208,"Giải hạng nhất Liga, Latvia",LV,Latvia,,,,,,,,,1,1,2202,23,,,,,,,,,,,,,,,,,2026-06-14 22:36:11
853536079641616384,,2026-06-14 15:00:00+00:00,822852227420254208,"Giải hạng nhất Liga, Latvia",LV,Latvia,,,,,,,,,1,1,2237,23,,,,,,,,,,,,,,,,,2026-06-14 22:36:11
852967156886052864,,2026-06-14 14:00:00+00:00,817870980046446592,"Giải Segunda Division, Uruguay",UY,Uruguay,,,,,,,,,1,1,4020,24,,,,,,,,,,,,,,,,,2026-06-14 22:36:11
853476456712708096,,2026-06-14 14:00:00+00:00,837938373728722944,"Giải 3. Deild, Iceland",IS,Iceland,,,,,,,,,1,1,4500,24,,,,,,,,,,,,,,,,,2026-06-14 22:36:11
853426766692524032,,2026-06-14 15:00:00+00:00,852575012006453248,"Giải nữ Ykkonen, Phần Lan",FI,Phần Lan,,,,,,,,,1,1,2160,23,,,,,,,,,,,,,,,,,2026-06-14 22:36:11
853292460103999488,,2026-06-14 14:30:00+00:00,822501002208100352,Giải Argentina - Torneo Federal A,AR,Argentina,,,,,,,,,1,0,2816,25,,,,,,,,,,,,,,,,,2026-06-14 22:36:11
853822634264387584,,2026-06-14 14:00:00+00:00,728371325001023488,Brazil - Gaucho U20,BR,Brazil,,,,,,,,,1,1,4620,24,,,,,,,,,,,,,,,,,2026-06-14 22:36:11
853476457442566144,,2026-06-14 14:30:00+00:00,850972216618426368,Giải Eccellenza - Ý,IT,Ý,,,,,,,,,1,0,2700,25,,,,,,,,,,,,,,,,,2026-06-14 22:36:11
853476457450905600,,2026-06-14 14:30:00+00:00,850972216618426368,Giải Eccellenza - Ý,IT,Ý,,,,,,,,,1,0,2700,25,,,,,,,,,,,,,,,,,2026-06-14 22:36:11
853476457580867584,,2026-06-14 14:30:00+00:00,850972216618426368,Giải Eccellenza - Ý,IT,Ý,,,,,,,,,1,0,2700,25,,,,,,,,,,,,,,,,,2026-06-14 22:36:11
853476457559896064,,2026-06-14 14:30:00+00:00,850972216618426368,Giải Eccellenza - Ý,IT,Ý,,,,,,,,,1,1,2880,24,,,,,,,,,,,,,,,,,2026-06-14 22:36:11
853476457635393536,,2026-06-14 14:00:00+00:00,850972216618426368,Giải Eccellenza - Ý,IT,Ý,,,,,,,,,1,1,4200,24,,,,,,,,,,,,,,,,,2026-06-14 22:36:11
852662813100154880,,2026-06-14 15:30:00+00:00,819959277933617152,Giải vô địch quốc gia nữ Argentina,AR,Argentina,,,,,,,,,1,1,184,23,,,,,,,,,,,,,,,,,2026-06-14 22:36:11
853822584939372544,,2026-06-14 14:00:00+00:00,853000695845281792,Brazil - Catarinense U20,BR,Brazil,,,,,,,,,1,1,4380,24,,,,,,,,,,,,,,,,,2026-06-14 22:36:11
853864500926185472,,2026-06-14 14:00:00+00:00,849609221791408128,Giải chuyên nghiệp Uzbekistan,UZ,Uzbekistan,,,,,,,,,1,1,4137,24,,,,,,,,,,,,,,,,,2026-06-14 22:36:11
853899703065346048,,2026-06-14 15:30:00+00:00,852961641145622528,Giải Colombia - U19 Championship,CO,Colombia,,,,,,,,,1,1,110,23,,,,,,,,,,,,,,,,,2026-06-14 22:36:11
853637269536759808,,2026-06-14 14:30:00+00:00,853214507202523136,Giải nữ Cameroon,CM,Cameroon,,,,,,,,,1,1,917,23,,,,,,,,,,,,,,,,,2026-06-14 22:36:11
852418725306212352,IFK Lidingo FK vs Taby FK,2026-06-14 13:45:00+00:00,852464510488092672,Giải Hạng 2 - Thụy Điển,SE,Thụy Điển,IFK Lidingo FK,Taby FK,1.0,3.0,1.0,3.0,0.0,0.0,1,1,5453,24,11.0,12.0,7.0,4.0,5.0,1.0,2.0,3.0,0.0,0.0,8.0,13.0,23.0,21.0,11.0,6.0,2026-06-14 22:36:11
852436985095512064,Helges IF vs Korsnas IF FK,2026-06-14 14:00:00+00:00,852464510488092672,Giải Hạng 2 - Thụy Điển,SE,Thụy Điển,Helges IF,Korsnas IF FK,1.0,2.0,1.0,2.0,0.0,0.0,1,1,4893,24,0.0,0.0,0.0,0.0,5.0,1.0,2.0,1.0,0.0,0.0,0.0,0.0,0.0,0.0,0.0,0.0,2026-06-14 22:36:11
853864500926197760,Syrianska FC vs Forward Orebro,2026-06-14 15:00:00+00:00,852464510488092672,Giải Hạng 2 - Thụy Điển,SE,Thụy Điển,Syrianska FC,Forward Orebro,0.0,1.0,0.0,1.0,0.0,0.0,1,1,2249,23,0.0,0.0,0.0,0.0,0.0,0.0,0.0,0.0,0.0,0.0,0.0,0.0,0.0,0.0,0.0,0.0,2026-06-14 22:36:11
852785001736298496,AFC Eskilstuna vs Assyriska FF,2026-06-14 14:00:00+00:00,852472225356591104,Giải Thuỵ Điển - 1st Div,SE,Thụy Điển,AFC Eskilstuna,Assyriska FF,1.0,0.0,1.0,0.0,0.0,0.0,1,1,4579,24,5.0,12.0,2.0,6.0,0.0,10.0,0.0,0.0,0.0,0.0,9.0,12.0,17.0,19.0,0.0,0.0,2026-06-14 22:36:11
852785001824268288,Enkopings vs Vasalund Essinge,2026-06-14 14:00:00+00:00,852472225356591104,Giải Thuỵ Điển - 1st Div,SE,Thụy Điển,Enkopings,Vasalund Essinge,1.0,1.0,1.0,0.0,0.0,1.0,1,1,4875,24,6.0,9.0,1.0,5.0,1.0,2.0,0.0,3.0,0.0,0.0,12.0,15.0,15.0,10.0,7.0,8.0,2026-06-14 22:36:11
852785002591825920,FC Stockholm Internazionale vs FBK Karlstad,2026-06-14 14:00:00+00:00,852472225356591104,Giải Thuỵ Điển - 1st Div,SE,Thụy Điển,FC Stockholm Internazionale,FBK Karlstad,3.0,1.0,2.0,1.0,1.0,0.0,1,1,4565,24,4.0,3.0,2.0,2.0,5.0,2.0,0.0,1.0,0.0,0.0,11.0,6.0,22.0,26.0,0.0,0.0,2026-06-14 22:36:11
852785002495356928,FC Rosengard 1917 vs Skovde AIK,2026-06-14 14:00:00+00:00,852472225356591104,Giải Thuỵ Điển - 1st Div,SE,Thụy Điển,FC Rosengard 1917,Skovde AIK,2.0,0.0,1.0,0.0,1.0,0.0,1,1,4695,24,8.0,7.0,4.0,5.0,5.0,3.0,1.0,2.0,0.0,0.0,9.0,9.0,22.0,12.0,0.0,0.0,2026-06-14 22:36:11
852881097493852160,Junkeren vs Honefoss BK,2026-06-14 14:00:00+00:00,852851350474862592,Giải hạng 2 Na Uy,NO,Na Uy,Junkeren,Honefoss BK,3.0,3.0,2.0,2.0,1.0,1.0,1,1,4677,24,7.0,22.0,4.0,13.0,0.0,6.0,1.0,0.0,0.0,0.0,9.0,10.0,12.0,24.0,3.0,5.0,2026-06-14 22:36:11
851716197325266944,,2026-06-14 15:30:00+00:00,851705118431977472,Giải Ykkosliiga - Phần Lan,FI,Phần Lan,,,,,,,,,1,1,361,23,,,,,,,,,,,,,,,,,2026-06-14 22:36:11
852667518819803136,,2026-06-14 14:00:00+00:00,819819203447283712,"Giải I Lyga, Lithuania",LT,Lithuania,,,,,,,,,1,1,4860,24,,,,,,,,,,,,,,,,,2026-06-14 22:36:11
852758206144126976,,2026-06-14 15:30:00+00:00,832495002860175360,Giải Phần Lan - Kakkonen,FI,Phần Lan,,,,,,,,,1,1,294,23,,,,,,,,,,,,,,,,,2026-06-14 22:36:11
853263375856361472,,2026-06-14 14:00:00+00:00,825030529782218752,Giải nữ Thuỵ Điển Elitettan,SE,Thụy Điển,,,,,,,,,1,1,4800,24,,,,,,,,,,,,,,,,,2026-06-14 22:36:11
853613902972624896,,2026-06-14 15:00:00+00:00,727786311980953600,Giải khu vực Colombia,CO,Colombia,,,,,,,,,1,1,1260,23,,,,,,,,,,,,,,,,,2026-06-14 22:36:11
853635160397438976,,2026-06-14 14:00:00+00:00,841033609862459392,Giải nữ - Uruguay,UY,Uruguay,,,,,,,,,1,1,4560,24,,,,,,,,,,,,,,,,,2026-06-14 22:36:11
853999185555644416,,2026-06-14 13:56:00+00:00,852782551423819776,Giải khu vực - Ba Lan,PL,Ba Lan,,,,,,,,,1,1,4500,24,,,,,,,,,,,,,,,,,2026-06-14 22:36:11
853973303088664576,,2026-06-14 15:22:57.247000+00:00,795214842813534208,Giải V-Bóng đá Hàn Quốc K-League 1 - 12 phút [V],VR,V-Bóng đá,,,,,,,,,1,1,5040,24,,,,,,,,,,,,,,,,,2026-06-14 22:36:11
853975817959817216,,2026-06-14 15:25:57.233000+00:00,794689955321667584,Giải V-Bóng đá Trung Quốc Super League - 12 phút [V],VR,V-Bóng đá,,,,,,,,,1,1,4180,24,,,,,,,,,,,,,,,,,2026-06-14 22:36:11
853975574681767936,,2026-06-14 15:25:57.262000+00:00,795215053459873792,Giải V-Bóng đá Champions League - 12 phút [V],VR,V-Bóng đá,,,,,,,,,1,1,3660,24,,,,,,,,,,,,,,,,,2026-06-14 22:36:11
853975568327426048,,2026-06-14 15:26:57.249000+00:00,794449773779529728,Giải V-Bóng đá Copa Libertadores - 12 phút [V],VR,V-Bóng đá,,,,,,,,,1,1,3300,24,,,,,,,,,,,,,,,,,2026-06-14 22:36:11
853902843500085248,,2026-06-14 15:28:00+00:00,794689746088812544,E-Soccer Europa League - 8 mins,ESC,E-Soccer,,,,,,,,,1,1,5067,24,,,,,,,,,,,,,,,,,2026-06-14 22:36:11
853902843512717312,,2026-06-14 15:28:00+00:00,794689746088812544,E-Soccer Europa League - 8 mins,ESC,E-Soccer,,,,,,,,,1,1,4486,24,,,,,,,,,,,,,,,,,2026-06-14 22:36:11
853975817955622912,,2026-06-14 15:27:57.236000+00:00,794690099526021120,Giải V-Soccer Ngoại hạng Anh - 12 phút [V],VR,V-Bóng đá,,,,,,,,,1,1,3000,24,,,,,,,,,,,,,,,,,2026-06-14 22:36:11
853975568398700544,,2026-06-14 15:28:57.236000+00:00,794691691839029248,Giải V-Bóng đá Đức Bundesliga - 12 phút [V],VR,V-Bóng đá,,,,,,,,,1,1,2740,24,,,,,,,,,,,,,,,,,2026-06-14 22:36:11
853975568306515968,,2026-06-14 15:29:57.255000+00:00,794692166999138304,Giải V-Bóng đá Ligue 1 Pháp - 12 phút [V],VR,V-Bóng đá,,,,,,,,,1,1,2320,23,,,,,,,,,,,,,,,,,2026-06-14 22:36:11
853975818035314688,,2026-06-14 15:30:57.284000+00:00,794692297936908288,Giải V-Bóng đá Giao hữu quốc tế - 12 phút [V],VR,V-Bóng đá,,,,,,,,,1,1,1940,23,,,,,,,,,,,,,,,,,2026-06-14 22:36:11
853975818161143808,,2026-06-14 15:31:57.275000+00:00,794450022854078464,Giải V-Bóng đá Liên đoàn quốc gia nữ - 12 phút [V],VR,V-Bóng đá,,,,,,,,,1,1,1500,23,,,,,,,,,,,,,,,,,2026-06-14 22:36:11
854016083563401216,,2026-06-14 15:32:00+00:00,794820512810553344,E-Soccer Volta England Premier League - 6 mins,ESC,E-Soccer,,,,,,,,,1,1,167,24,,,,,,,,,,,,,,,,,2026-06-14 22:36:11
854015832123265024,,2026-06-14 15:32:00+00:00,794820512810553344,E-Soccer Volta England Premier League - 6 mins,ESC,E-Soccer,,,,,,,,,1,1,143,24,,,,,,,,,,,,,,,,,2026-06-14 22:36:11
853975818089840640,,2026-06-14 15:32:57.254000+00:00,794691521852268544,Giải V-Bóng đá Ý Serie A - 12 phút [V],VR,V-Bóng đá,,,,,,,,,1,1,1060,23,,,,,,,,,,,,,,,,,2026-06-14 22:36:11
853978084368809984,,2026-06-14 15:33:57.255000+00:00,794692455189753856,Giải V-Bóng đá Vô địch Quốc gia Argentina - 12 phút [V],VR,V-Bóng đá,,,,,,,,,1,1,720,23,,,,,,,,,,,,,,,,,2026-06-14 22:36:11
853978084217815040,,2026-06-14 15:34:57.263000+00:00,794692593979273216,Giải V-Bóng đá Tây Ban Nha La Liga - 12 phút [V],VR,V-Bóng đá,,,,,,,,,1,1,380,23,,,,,,,,,,,,,,,,,2026-06-14 22:36:11
854008304148725760,,2026-06-14 15:35:00+00:00,794475473865584640,E-Soccer Champions League - 8 mins,ESC,E-Soccer,,,,,,,,,1,1,662,23,,,,,,,,,,,,,,,,,2026-06-14 22:36:11
854009037073960960,,2026-06-14 15:35:00+00:00,794475473865584640,E-Soccer Champions League - 8 mins,ESC,E-Soccer,,,,,,,,,1,1,88,23,,,,,,,,,,,,,,,,,2026-06-14 22:36:11
